state,Year,Deaths,Population,Crude_Rate,Age_Adjusted_Rate,Age_Adjusted_Rate_Lower_95__Conf,Age_Adjusted_Rate_Upper_95__Conf,ln_crude_mort_rate,Crude_Rate_Lower_95__Confidence,Crude_Rate_Upper_95__Confidence,Crude_Rate_Standard_Error,Age_Adjusted_Rate_Standard_Error,Medical_Cannabis_Law,unemployment,rxdmp_original,pmlaw_update,rxid_original,pmlaw_original,ln_age_mort_rate,rxdmp_update,rxid_update,low_thc,recreational_cannabis_law,comprehensive_medical_cannabis
Alabama,1999,33,4430141,0.7,0.7,0.5,1,-0.294508944,,,,,0,4.3,0,0,0,0,-0.356674944,0,0,0,0,0
Alabama,2000,41,4447100,0.9,0.9,0.7,1.3,-0.081265225,,,,,0,4.1,0,0,0,0,-0.105360516,0,0,0,0,0
Alabama,2001,50,4468912,1.1,1.1,0.8,1.5,0.112292934,,,,,0,4.7,0,0,0,0,0.09531018,0,0,0,0,0
Alabama,2002,64,4486508,1.4,1.4,1.1,1.8,0.35522332,,,,,0,5.4,0,0,0,0,0.336472237,0,0,0,0,0
Alabama,2003,44,4500752,1,1,0.7,1.4,-0.022639953,,,,,0,5.4,0,0,0,0,0,0,0,0,0,0
Alabama,2004,76,4530182,1.7,1.7,1.3,2.1,0.517386132,,,,,0,5,0,0,0,0,0.530628251,0,0,0,0,0
Alabama,2005,73,4557808,1.6,1.6,1.3,2,0.471032542,,,,,0,3.8,0,0,0,0,0.470003629,0,0,0,0,0
Alabama,2006,118,4599030,2.6,2.6,2.1,3.1,0.94225412,,,,,0,3.5,0,0,0,0,0.955511445,1,0,0,0,0
Alabama,2007,155,4627851,3.3,3.4,2.9,4,1.20874741,,,,,0,3.4,1,0,0,0,1.223775432,1,0,0,0,0
Alabama,2008,176,4661900,3.8,3.9,3.4,4.5,1.328475812,,,,,0,5,1,0,0,0,1.360976553,1,0,0,0,0
Alabama,2009,192,4708708,4.1,4.2,3.6,4.8,1.405496719,,,,,0,9.7,1,0,0,0,1.435084525,1,0,0,0,0
Alabama,2010,167,4779736,3.5,3.6,3.1,4.2,1.251023405,,,,,0,9.5,1,0,0,0,1.280933846,1,0,0,0,0
Alabama,2011,155,4802740,3.2,3.3,2.8,3.8,1.171653436,2.7,3.7,0.3,0.3,0,9.599609375,1,0,0,0,1.193922469,1,0,0,0,0
Alabama,2012,123,4822023,2.6,2.7,2.2,3.1,0.936405713,2.1,3,0.2,0.2,0,8,1,0,0,0,0.993251773,1,0,0,0,0
Alabama,2013,122,4833722,2.5,2.6,2.1,3,0.92581918,2.1,3,0.2,0.2,0,7.19921875,1,1,0,1,0.955511445,1,0,0,0,0
Alabama,2014,165,4849377,3.4,3.3,2.8,3.9,1.224510138,2.9,3.9,0.3,0.3,0.750684932,6.799804688,1,1,0,1,1.193922469,1,0,0.750684932,0,0
Alabama,2015,174,4858979,3.6,3.7,3.2,4.3,1.275641873,3,4.1,0.3,0.3,1,6.099609375,1,1,0,1,1.30833282,1,0,1,0,0
Alabama,2016,256,4863300,5.3,5.5,4.8,6.2,1.660875132,4.6,5.9,0.3,0.4,1,5.899414063,1,1,0,1,1.704748092,1,0,1,0,0
Alabama,2017,331,4874747,6.8,7,6.3,7.8,1.915465077,6.1,7.5,0.4,0.4,1,4.399414063,1,1,0,1,1.945910149,1,0,1,0,0
Alaska,1999,15,624779,,,1.3,3.7,0.8758224,,,,,0.82739726,6.2,0,0,0,0,0.916290732,0,0,0,0,0.82739726
Alaska,2000,24,626932,3.8,3.6,2.3,5.3,1.342385935,,,,,1,6.2,0,0,0,0,1.280933846,0,0,0,0,1
Alaska,2001,10,633630,,,0.7,2.8,0.456290091,,,,,1,6.2,0,0,0,0,0.559615788,0,0,0,0,1
Alaska,2002,,643786,,,,,,,,,,1,7.1,0,0,0,0,,0,0,0,0,1
Alaska,2003,,648820,,,,,,,,,,1,7.7,0,0,0,0,,0,0,0,0,1
Alaska,2004,,655435,,,,,,,,,,1,7.4,0,0,0,0,,0,0,0,0,1
Alaska,2005,15,663661,,,1.2,3.7,0.81544891,,,,,1,6.9,0,0,0,0,0.896088025,0,0,0,0,1
Alaska,2006,24,670053,3.6,3.4,2.2,5.2,1.275867203,,,,,1,6.5,0,0,0,0,1.223775432,0,0,0,0,1
Alaska,2007,14,683478,,,1,3,0.717033047,,,,,1,6.1,0,0,0,0,0.693147181,0,0,0,0,1
Alaska,2008,79,686293,11.5,11.2,8.8,14,2.443313388,,,,,1,6.4,0,0,0,0,2.415913778,0,0,0,0,1
Alaska,2009,80,698473,11.5,11.2,8.8,14,2.438300297,,,,,1,7.8,0,0,0,0,2.415913778,0,0,0,0,1
Alaska,2010,59,710231,8.3,8.4,6.3,10.9,2.117117361,,,,,1,8,0,0,0,0,2.128231706,0,0,0,0,1
Alaska,2011,52,722718,7.2,6.9,5.1,9,1.9733948,5.4,9.4,1,1,1,7.599609375,0,0,0,0,1.931521412,0,0,0,0,1
Alaska,2012,53,731449,7.2,7.2,5.4,9.6,1.980434601,5.4,9.5,1,1,1,7.099609375,1,0,0,0,1.974081026,1,0,0,0,1
Alaska,2013,50,735132,6.8,6.8,5,9.1,1.917143117,5,9,1,1,1,7,1,0,0,0,1.916922612,1,0,0,0,1
Alaska,2014,54,736732,7.3,7.6,5.6,9.9,1.991930043,5.5,9.6,1,1.1,1,6.899414063,1,0,0,0,2.028148247,1,0,0,0,1
Alaska,2015,66,738432,8.9,8.6,6.6,11.1,2.190295909,6.9,11.4,1.1,1.1,1,6.5,1,0,0,0,2.151762203,1,0,0,0.849315069,0.150684931
Alaska,2016,58,741894,7.8,7.7,5.8,10,2.056406821,5.9,10.1,1,1,1,6.899414063,1,0,0,0,2.041220329,1,0,0,1,0
Alaska,2017,77,739795,10.4,10.4,8.1,13,2.342602487,8.2,13,1.2,1.2,1,7.19921875,1,0,0,0,2.341805806,1,0,0,1,0
Arizona,1999,113,5023823,2.2,2.3,1.9,2.7,0.810611528,,,,,0,4.5,0,0,0,0,0.832909123,0,0,0,0,0
Arizona,2000,116,5130632,2.3,2.4,1.9,2.8,0.81577625,,,,,0,4,0,0,0,0,0.875468737,0,0,0,0,0
Arizona,2001,125,5306966,2.4,2.4,2,2.9,0.856708347,,,,,0,4.7,0,0,0,0,0.875468737,0,0,0,0,0
Arizona,2002,189,5456453,3.5,3.6,3.1,4.1,1.242362977,,,,,0,6,0,0,0,0,1.280933846,0,0,0,0,0
Arizona,2003,216,5580811,3.9,4.1,3.5,4.6,1.353359208,,,,,0,5.7,0,0,0,0,1.410986974,0,0,0,0,0
Arizona,2004,220,5743834,3.8,4,3.5,4.5,1.342915522,,,,,0,5,0,0,0,0,1.386294361,0,0,0,0,0
Arizona,2005,271,5939292,4.6,4.8,4.2,5.3,1.517943794,,,,,0,4.7,0,0,0,0,1.568615918,0,0,0,0,0
Arizona,2006,297,6166318,4.8,4.9,4.4,5.5,1.572045145,,,,,0,4.1,0,0,0,0,1.589235205,0,0,0,0,0
Arizona,2007,310,6338755,4.9,5,4.4,5.6,1.587304828,,,,,0,3.8,0,0,0,0,1.609437912,0,0,0,0,0
Arizona,2008,366,6500180,5.6,5.8,5.2,6.4,1.728218372,,,,,0,5.9,1,0,0,0,1.757857918,1,0,0,0,0
Arizona,2009,427,6595778,6.5,6.6,6,7.2,1.867769173,,,,,0,9.7,1,0,0,0,1.887069649,1,0,0,0,0
Arizona,2010,449,6392017,7,7.1,6.4,7.7,1.949387927,,,,,0.046575343,10,1,0,0,0,1.960094784,1,0,0,0,0.046575343
Arizona,2011,381,6482505,5.9,5.9,5.3,6.5,1.771107272,5.3,6.5,0.3,0.3,1,9.5,1,0,0,0,1.774952351,1,0,0,0,1
Arizona,2012,390,6553255,6,6.1,5.4,6.7,1.783599773,5.4,6.5,0.3,0.3,1,8.298828125,1,0,0,0,1.808288771,1,0,0,0,1
Arizona,2013,343,6626624,5.2,5.3,4.7,5.8,1.64404988,4.6,5.7,0.3,0.3,1,7.69921875,1,0,0,0,1.667706821,1,0,0,0,1
Arizona,2014,378,6731484,5.6,5.5,4.9,6.1,1.725513478,5,6.2,0.3,0.3,1,6.799804688,1,0,0,0,1.704748092,1,0,0,0,1
Arizona,2015,406,6828065,5.9,6.1,5.5,6.7,1.782726742,5.4,6.5,0.3,0.3,1,6.099609375,1,0,0,0,1.808288771,1,0,0,0,1
Arizona,2016,465,6931071,6.7,6.8,6.2,7.4,1.903437966,6.1,7.3,0.3,0.3,1,5.399414063,1,0,0,0,1.916922612,1,0,0,0,1
Arizona,2017,614,7016270,8.8,8.9,8.1,9.6,2.169178097,8.1,9.4,0.4,0.4,1,4.899414063,1,0,0,0,2.186051277,1,0,0,0,1
Arkansas,1999,22,2651860,0.8,0.9,0.6,1.4,-0.18680392,,,,,0,4.4,0,0,0,0,-0.105360516,0,1,0,0,0
Arkansas,2000,15,2673400,,,0.3,1,-0.577885962,,,,,0,4.2,0,0,0,0,-0.430782916,0,1,0,0,0
Arkansas,2001,27,2694698,1,1,0.7,1.5,0.001965634,,,,,0,4.7,0,0,0,0,0,0,1,0,0,0
Arkansas,2002,80,2710079,3,3.1,2.5,3.9,1.082463756,,,,,0,5.3,0,0,0,0,1.131402112,0,1,0,0,0
Arkansas,2003,85,2725715,3.1,3.3,2.6,4,1.137335385,,,,,0,5.8,0,0,0,0,1.193922469,0,1,0,0,0
Arkansas,2004,119,2752629,4.3,4.5,3.7,5.3,1.463981945,,,,,0,5.6,0,0,0,0,1.504077397,0,1,0,0,0
Arkansas,2005,115,2779154,4.1,4.3,3.5,5.1,1.420200471,,,,,0,5.1,0,0,0,0,1.458615023,0,1,0,0,0
Arkansas,2006,132,2810872,4.7,4.8,4,5.7,1.546722074,,,,,0,5.3,0,0,0,0,1.568615918,0,1,0,0,0
Arkansas,2007,143,2834797,5,5.2,4.3,6,1.618289208,,,,,0,5.2,0,0,0,0,1.648658626,0,1,0,0,0
Arkansas,2008,192,2855390,6.7,7.1,6.1,8.1,1.905701843,,,,,0,5.3,0,0,0,0,1.960094784,0,1,0,0,0
Arkansas,2009,195,2889450,6.7,7,6,8,1.909348293,,,,,0,7.4,0,0,0,0,1.945910149,0,1,0,0,0
Arkansas,2010,178,2915918,6.1,6.4,5.5,7.4,1.809013764,,,,,0,7.9,0,0,0,0,1.85629799,0,1,0,0,0
Arkansas,2011,157,2937979,5.3,5.7,4.8,6.6,1.675938782,4.5,6.2,0.4,0.5,0,8.298828125,0,0,0,0,1.740466175,0,1,0,0,0
Arkansas,2012,160,2949131,5.4,5.7,4.8,6.6,1.691078172,4.6,6.3,0.4,0.5,0,7.599609375,0,0,0,0,1.740466175,0,1,0,0,0
Arkansas,2013,152,2959373,5.1,5.2,4.4,6.1,1.636318006,4.3,6,0.4,0.4,0,7.19921875,1,0,0,0,1.648658626,1,1,0,0,0
Arkansas,2014,157,2966369,5.3,5.7,4.8,6.6,1.666322066,4.5,6.1,0.4,0.5,0,6,1,0,0,0,1.740466175,1,1,0,0,0
Arkansas,2015,185,2978204,6.2,6.5,5.6,7.5,1.826450298,5.3,7.1,0.5,0.5,0,5,1,0,0,0,1.871802177,1,1,0,0,0
Arkansas,2016,152,2988248,5.1,5.3,4.5,6.2,1.626608165,4.3,5.9,0.4,0.4,0.142465753,3.899902344,1,0,0,0,1.667706821,1,1,0,0,0.142465753
Arkansas,2017,169,3004279,5.6,5.8,4.9,6.7,1.727276016,4.8,6.5,0.4,0.5,1,3.699707031,1,0,0,0,1.757857918,1,1,0,0,1
California,1999,1056,33499204,3.2,3.2,3,3.4,1.148136694,,,,,1,5.3,0,0,0,0,1.16315081,0,1,0,0,1
California,2000,720,33871648,2.1,2.2,2,2.3,0.754087797,,,,,1,4.9,0,0,0,0,0.78845736,0,1,0,0,1
California,2001,379,34600463,1.1,1.1,1,1.2,0.091084049,,,,,1,5.4,0,0,0,0,0.09531018,0,1,0,0,1
California,2002,1085,35116033,3.1,3.1,2.9,3.3,1.128092366,,,,,1,6.7,0,0,0,0,1.131402112,0,1,0,0,1
California,2003,1019,35484453,2.9,2.9,2.7,3.1,1.054897283,,,,,1,6.8,0,0,0,0,1.064710737,0,1,0,0,1
California,2004,1028,35893799,2.9,2.9,2.7,3,1.052220802,,,,,1,6.2,0,0,0,0,1.064710737,0,1,0,0,1
California,2005,1039,36132147,2.9,2.9,2.7,3.1,1.05624593,,,,,1,5.4,0,0,0,0,1.064710737,0,1,0,0,1
California,2006,1146,36457549,3.1,3.1,2.9,3.3,1.145299262,,,,,1,4.9,0,0,0,0,1.131402112,0,1,0,0,1
California,2007,1278,36553215,3.5,3.4,3.3,3.6,1.251697398,,,,,1,5.3,0,0,0,0,1.223775432,0,1,0,0,1
California,2008,1452,36756666,4,3.9,3.7,4.1,1.373792505,,,,,1,7.2,0,0,0,0,1.360976553,0,1,0,0,1
California,2009,1626,36961664,4.4,4.3,4.1,4.5,1.48141193,,,,,1,11.3,1,0,0,0,1.458615023,1,1,0,0,1
California,2010,1569,37253956,4.2,4.1,3.9,4.3,1.437850519,,,,,1,12.4,1,0,0,0,1.410986974,1,1,0,0,1
California,2011,1570,37691912,4.2,4,3.8,4.2,1.42680027,4,4.4,0.1,0.1,1,11.69921875,1,0,0,0,1.386294361,1,1,0,0,1
California,2012,1321,38041430,3.5,3.3,3.1,3.5,1.244883383,3.3,3.7,0.1,0.1,1,10.3984375,1,0,0,0,1.193922469,1,1,0,0,1
California,2013,1422,38332521,3.7,3.6,3.4,3.7,1.310935869,3.5,3.9,0.1,0.1,1,8.8984375,1,0,0,0,1.280933846,1,1,0,0,1
California,2014,1448,38802500,3.7,3.5,3.3,3.7,1.316868802,3.5,3.9,0.1,0.1,1,7.5,1,0,0,0,1.252762969,1,1,0,0,1
California,2015,1414,39144818,3.6,3.4,3.2,3.6,1.284324703,3.4,3.8,0.1,0.1,1,6.19921875,1,0,0,0,1.223775432,1,1,0,0,1
California,2016,1433,39250017,3.7,3.4,3.2,3.6,1.294988458,3.5,3.8,0.1,0.1,1,5.5,1,0,0,0,1.223775432,1,1,0,0.142465753,0.857534247
California,2017,1558,39536653,3.9,3.7,3.5,3.9,1.371344968,3.7,4.1,0.1,0.1,1,4.799804688,1,0,0,0,1.30833282,1,1,0,1,0
Colorado,1999,73,4226018,1.7,1.7,1.3,2.1,0.54661417,,,,,0,3,0,0,0,0,0.530628251,0,0,0,0,0
Colorado,2000,87,4301261,2,2,1.6,2.4,0.70441479,,,,,0,2.7,0,0,0,0,0.693147181,0,0,0,0,0
Colorado,2001,120,4430989,2.7,2.7,2.2,3.1,0.99628384,,,,,0.583561644,3.8,0,0,0,0,0.993251773,0,0,0,0,0.583561644
Colorado,2002,120,4506542,2.7,2.6,2.1,3.1,0.979376531,,,,,1,5.7,0,0,0,0,0.955511445,0,0,0,0,1
Colorado,2003,120,4550688,2.6,2.6,2.1,3,0.96962822,,,,,1,6.1,0,0,0,0,0.955511445,0,0,0,0,1
Colorado,2004,138,4601403,3,3,2.5,3.5,1.098307335,,,,,1,5.6,0,0,0,0,1.098612289,0,0,0,0,1
Colorado,2005,180,4665177,3.9,3.8,3.2,4.3,1.350245982,,,,,1,5.1,0,0,0,0,1.335001067,0,0,0,0,1
Colorado,2006,202,4753377,4.2,4,3.5,4.6,1.446827292,,,,,1,4.3,0,0,0,0,1.386294361,0,0,0,0,1
Colorado,2007,273,4861515,5.6,5.4,4.7,6,1.725536585,,,,,1,3.7,0,0,0,0,1.686398954,0,0,0,0,1
Colorado,2008,248,4939456,5,4.8,4.2,5.4,1.61358845,,,,,1,4.8,1,0,0,0,1.568615918,1,0,0,0,1
Colorado,2009,280,5024748,5.6,5.3,4.7,6,1.717829207,,,,,1,8.3,1,0,0,0,1.667706821,1,0,0,0,1
Colorado,2010,226,5029196,4.5,4.4,3.8,4.9,1.502689776,,,,,1,8.9,1,0,0,0,1.481604541,1,0,0,0,1
Colorado,2011,308,5116796,6,5.9,5.2,6.6,1.794986228,5.3,6.7,0.3,0.3,1,8.3984375,1,0,0,0,1.774952351,1,0,0,0,1
Colorado,2012,296,5187582,5.7,5.6,4.9,6.2,1.741506669,5.1,6.4,0.3,0.3,1,7.899414063,1,0,0,0,1.722766598,1,0,0,0,1
Colorado,2013,296,5268367,5.6,5.4,4.8,6.1,1.726053914,5,6.3,0.3,0.3,1,6.899414063,1,0,0,0,1.686398954,1,0,0,0,1
Colorado,2014,352,5355866,6.6,6.3,5.7,7,1.882853674,5.9,7.3,0.4,0.3,1,5,1,0,0,0,1.840549633,1,0,0,0.997260274,0.002739726
Colorado,2015,328,5456574,6,5.8,5.1,6.4,1.793607395,5.4,6.7,0.3,0.3,1,3.899902344,1,0,0,0,1.757857918,1,0,0,1,0
Colorado,2016,312,5540545,5.6,5.5,4.8,6.1,1.728325223,5,6.3,0.3,0.3,1,3.299804688,1,0,0,0,1.704748092,1,0,0,1,0
Colorado,2017,373,5607154,6.7,6.4,5.8,7.1,1.894950044,6,7.3,0.3,0.3,1,2.799804688,1,0,0,0,1.85629799,1,0,0,1,0
Connecticut,1999,29,3386401,0.9,0.9,0.6,1.2,-0.155056969,,,,,0,2.7,0,0,0,0,-0.105360516,0,0,0,0,0
Connecticut,2000,27,3405565,0.8,0.8,0.5,1.1,-0.232159085,,,,,0,2.3,0,0,0,0,-0.223143551,0,0,0,0,0
Connecticut,2001,38,3434602,1.1,1.1,0.8,1.5,0.101100014,,,,,0,3.1,0,0,0,0,0.09531018,0,0,0,0,0
Connecticut,2002,56,3460503,1.6,1.7,1.2,2.1,0.481352644,,,,,0,4.4,0,0,0,0,0.530628251,0,0,0,0,0
Connecticut,2003,47,3483375,1.3,1.4,1,1.8,0.299560857,,,,,0,5.5,0,0,0,0,0.336472237,0,0,0,0,0
Connecticut,2004,80,3503604,2.3,2.3,1.8,2.9,0.825649389,,,,,0,4.9,0,0,0,0,0.832909123,0,0,0,0,0
Connecticut,2005,69,3510297,2,2,1.5,2.5,0.675820762,,,,,0,4.9,0,0,0,0,0.693147181,0,0,0,0,0
Connecticut,2006,103,3504809,2.9,2.9,2.3,3.4,1.07800787,,,,,0,4.4,0,0,1,0,1.064710737,0,1,0,0,0
Connecticut,2007,103,3502309,2.9,2.9,2.3,3.5,1.07872143,,,,,0,4.6,0,0,1,0,1.064710737,0,1,0,0,0
Connecticut,2008,99,3501252,2.8,2.7,2.2,3.3,1.039414138,,,,,0,5.6,0.501369863,0,1,0,0.993251773,1,1,0,0,0
Connecticut,2009,90,3518288,2.6,2.5,2,3.1,0.93925007,,,,,0,8.3,1,0,1,0,0.916290732,1,1,0,0,0
Connecticut,2010,102,3574097,2.9,2.8,2.2,3.3,1.048675164,,,,,0,9.1,1,0,1,0,1.029619417,1,1,0,0,0
Connecticut,2011,86,3580709,2.4,2.3,1.9,2.9,0.876201378,1.9,3,0.3,0.3,0,8.798828125,1,0,1,0,0.832909123,1,1,0,0,0
Connecticut,2012,74,3590347,2.1,2,1.6,2.6,0.723231145,1.6,2.6,0.2,0.2,0.249315069,8.298828125,1,0,1,0,0.693147181,1,1,0,0,0.249315069
Connecticut,2013,222,3596080,6.2,6,5.2,6.8,1.820247926,5.4,7,0.4,0.4,1,7.799804688,1,0,1,0,1.791759469,1,1,0,0,1
Connecticut,2014,261,3596677,7.3,7.3,6.4,8.2,1.981924951,6.4,8.1,0.4,0.5,1,6.599609375,1,0,1,0,1.987874348,1,1,0,0,1
Connecticut,2015,412,3590886,11.5,11.3,10.1,12.4,2.440039288,10.4,12.6,0.6,0.6,1,5.69921875,1,0,1,0,2.424802726,1,1,0,0,1
Connecticut,2016,665,3576452,18.6,19,17.5,20.5,2.9228307,17.2,20,0.7,0.8,1,5.099609375,1,0,1,0,2.944438979,1,1,0,0,1
Connecticut,2017,836,3588184,23.3,24.4,22.7,26.1,3.148397295,21.7,24.9,0.8,0.9,1,4.69921875,1,0,1,0,3.194583132,1,1,0,0,1
Delaware,1999,,774990,,,,,,,,,,0,3.3,0,0,0,0,,0,0,0,0,0
Delaware,2000,12,783600,,,0.8,2.7,0.42617815,,,,,0,3.3,0,0,0,0,0.559615788,0,0,0,0,0
Delaware,2001,18,796599,,,1.3,3.5,0.815190529,,,,,0,3.5,0,0,0,0,0.875468737,0,0,0,0,0
Delaware,2002,29,807385,3.6,3.5,2.4,5.1,1.278665386,,,,,0,4,0,0,0,0,1.252762969,0,0,0,0,0
Delaware,2003,29,817491,3.5,3.5,2.4,5.1,1.266226122,,,,,0,4.2,0,0,0,0,1.252762969,0,0,0,0,0
Delaware,2004,25,830364,3,3,1.9,4.4,1.102181852,,,,,0,3.9,0,0,0,0,1.098612289,0,0,0,0,0
Delaware,2005,21,843524,2.5,2.5,1.6,3.8,0.912104269,,,,,0,4,0,0,0,0,0.916290732,0,0,0,0,0
Delaware,2006,29,853476,3.4,3.5,2.4,5.1,1.223148594,,,,,0,3.5,0,0,0,0,1.252762969,0,0,0,0,0
Delaware,2007,33,864764,3.8,3.8,2.6,5.3,1.33922111,,,,,0,3.5,0,0,0,0,1.335001067,0,0,0,0,0
Delaware,2008,49,873092,5.6,5.7,4.2,7.6,1.72494955,,,,,0,4.9,0,0,0,0,1.740466175,0,0,0,0,0
Delaware,2009,67,885122,7.6,7.7,5.9,9.7,2.024137317,,,,,0,8,0,0,1,0,2.041220329,0,1,0,0,0
Delaware,2010,75,897934,8.4,8.7,6.8,10.9,2.122561731,,,,,0,8.5,0,0,1,0,2.163323026,0,1,0,0,0
Delaware,2011,85,907135,9.4,9.4,7.5,11.6,2.237530161,7.5,11.6,1,1,0.501369863,7.5,0,0,1,0,2.240709689,0,1,0,0,0.501369863
Delaware,2012,52,917092,5.7,5.7,4.2,7.5,1.73520611,4.2,7.4,0.8,0.8,1,7.19921875,1,0,1,0,1.740466175,1,1,0,0,1
Delaware,2013,65,925749,7,7.4,5.7,9.5,1.948954316,5.4,8.9,0.9,0.9,1,6.69921875,1,0,1,0,2.00148,1,1,0,0,1
Delaware,2014,79,935614,8.4,8.8,6.9,11,2.13341504,6.7,10.5,0.9,1,1,5.69921875,1,0,1,0,2.174751722,1,1,0,0,1
Delaware,2015,77,945934,8.1,8.5,6.7,10.7,2.096802809,6.4,10.2,0.9,1,1,4.899414063,1,0,1,0,2.140066164,1,1,0,0,1
Delaware,2016,112,952065,11.8,12.2,9.9,14.5,2.465035748,9.6,13.9,1.1,1.2,1,4.5,1,0,1,0,2.501435952,1,1,0,0,1
Delaware,2017,213,961939,22.1,23.9,20.6,27.2,3.097511313,19.2,25.1,1.5,1.7,1,4.599609375,1,0,1,0,3.173878459,1,1,0,0,1
Florida,1999,238,15759421,1.5,1.5,1.3,1.7,0.412247236,,,,,0,4,0,0,0,0,0.405465108,0,0,0,0,0
Florida,2000,354,15982378,2.2,2.3,2,2.5,0.79522508,,,,,0,3.8,0,0,0,0,0.832909123,0,0,0,0,0
Florida,2001,627,16373330,3.8,4,3.7,4.3,1.342707656,,,,,0,4.7,0,0,0,0,1.386294361,0,0,0,0,0
Florida,2002,708,16713149,4.2,4.4,4,4.7,1.443663226,,,,,0,5.7,0,0,1,0,1.481604541,0,1,0,0,0
Florida,2003,821,17019068,4.8,5,4.7,5.4,1.573603654,,,,,0,5.3,0,0,1,0,1.609437912,0,1,0,0,0
Florida,2004,1029,17397161,5.9,6.1,5.8,6.5,1.777450611,,,,,0,4.7,0,0,1,0,1.808288771,0,1,0,0,0
Florida,2005,954,17789864,5.4,5.5,5.2,5.9,1.679449722,,,,,0,3.8,0,0,1,0,1.704748092,0,1,0,0,0
Florida,2006,1107,18089888,6.1,6.3,5.9,6.6,1.811470732,,,,,0,3.3,0,0,1,0,1.840549633,0,1,0,0,0
Florida,2007,1328,18251243,7.3,7.4,7,7.8,1.98461105,,,,,0,4,0,0,1,0,2.00148,0,1,0,0,0
Florida,2008,1317,18328340,7.2,7.4,7,7.8,1.972078113,,,,,0,6.2,0,0,1,0,2.00148,0,1,0,0,0
Florida,2009,1468,18537969,7.9,8.1,7.7,8.5,2.069250109,,,,,0,10.2,0,0,1,0,2.091864062,0,1,0,0,0
Florida,2010,1593,18801310,8.5,8.7,8.2,9.1,2.136862669,,,,,0,11.5,0,1,1,1,2.163323026,0,1,0,0,0
Florida,2011,1493,19057542,7.8,8,7.6,8.4,2.058494776,7.4,8.2,0.2,0.2,0,10,1,1,1,1,2.079441542,1,1,0,0,0
Florida,2012,1213,19317568,6.3,6.3,5.9,6.6,1.837251875,5.9,6.6,0.2,0.2,0,8.5,1,1,1,1,1.840549633,1,1,0,0,0
Florida,2013,1091,19552860,5.6,5.6,5.3,6,1.719143326,5.2,5.9,0.2,0.2,0,7.19921875,1,1,1,1,1.722766598,1,1,0,0,0
Florida,2014,1142,19893297,5.7,5.8,5.4,6.1,1.747568456,5.4,6.1,0.2,0.2,0,6.299804688,1,1,1,1,1.757857918,1,1,0,0,0
Florida,2015,1415,20271272,7,7.1,6.7,7.5,1.943095006,6.6,7.3,0.2,0.2,0.997260274,5.5,1,1,1,1,1.960094784,1,1,0.997260274,0,0
Florida,2016,2423,20612439,11.8,12.5,12,13,2.464281899,11.3,12.2,0.2,0.3,1,4.799804688,1,1,1,1,2.525728644,1,1,0.501369863,0,0.498630137
Florida,2017,2934,20984400,14,14.7,14.2,15.2,2.637757561,13.5,14.5,0.3,0.3,1,4.19921875,1,1,1,1,2.687847494,1,1,0,0,1
Georgia,1999,50,8045965,0.6,0.6,0.4,0.8,-0.475732811,,,,,0,3.8,0,0,0,0,-0.510825624,0,0,0,0,0
Georgia,2000,86,8186453,1.1,1,0.8,1.3,0.049281488,,,,,0,3.5,0,0,0,0,0,0,0,0,0,0
Georgia,2001,152,8405677,1.8,1.8,1.5,2.1,0.592388117,,,,,0,4,0,0,0,0,0.587786665,0,0,0,0,0
Georgia,2002,171,8560310,2,1.9,1.7,2.2,0.691942059,,,,,0,4.8,0,0,0,0,0.641853886,0,0,0,0,0
Georgia,2003,185,8684715,2.1,2.1,1.8,2.4,0.756206148,,,,,0,4.8,0,0,0,0,0.741937345,0,0,0,0,0
Georgia,2004,219,8829383,2.5,2.4,2.1,2.8,0.9084015,,,,,0,4.7,0,0,0,0,0.875468737,0,0,0,0,0
Georgia,2005,269,9072576,3,2.9,2.5,3.2,1.08687005,,,,,0,5.2,0,0,0,0,1.064710737,0,0,0,0,0
Georgia,2006,307,9363941,3.3,3.2,2.8,3.6,1.187396406,,,,,0,4.7,0,0,0,0,1.16315081,0,0,0,0,0
Georgia,2007,348,9544750,3.6,3.6,3.2,3.9,1.293626122,,,,,0,4.7,0,0,0,0,1.280933846,0,0,0,0,0
Georgia,2008,362,9685744,3.7,3.7,3.3,4.1,1.318404005,,,,,0,6.3,0,0,0,0,1.30833282,0,0,0,0,0
Georgia,2009,447,9829211,4.5,4.5,4.1,4.9,1.514614835,,,,,0,9.7,0,0,0,0,1.504077397,0,0,0,0,0
Georgia,2010,497,9687653,5.1,5,4.6,5.5,1.635152745,,,,,0,10.2,0,0,0,1,1.609437912,0,0,0,0,0
Georgia,2011,487,9815210,5,4.9,4.5,5.4,1.601745807,4.5,5.4,0.2,0.2,0,10.19921875,0,0,1,1,1.589235205,0,1,0,0,0
Georgia,2012,460,9919945,4.6,4.6,4.2,5,1.53409402,4.2,5.1,0.2,0.2,0,9.19921875,0,0,1,1,1.526056304,0,1,0,0,0
Georgia,2013,440,9992167,4.4,4.4,4,4.8,1.482388148,4,4.8,0.2,0.2,0,8.19921875,1,1,1,1,1.481604541,1,1,0,0,0
Georgia,2014,587,10097343,5.8,5.8,5.3,6.3,1.760167407,5.3,6.3,0.2,0.2,0,7.099609375,1,1,1,1,1.757857918,1,1,0,0,0
Georgia,2015,693,10214860,6.8,6.7,6.2,7.3,1.914601383,6.3,7.3,0.3,0.3,0.709589041,6,1,1,1,1,1.902107526,1,1,0.709589041,0,0
Georgia,2016,715,10310371,6.9,6.8,6.3,7.4,1.936547168,6.4,7.4,0.3,0.3,1,5.399414063,1,1,1,1,1.916922612,1,1,1,0,0
Georgia,2017,862,10429379,8.3,8.2,7.7,8.8,2.11204345,7.7,8.8,0.3,0.3,1,4.69921875,1,1,1,1,2.104134154,1,1,1,0,0
Hawaii,1999,24,1210300,2,1.9,1.2,2.9,0.684600475,,,,,0,5,0,0,1,0,0.641853886,0,1,0,0,0
Hawaii,2000,25,1211537,2.1,2,1.3,3,0.72440093,,,,,0.008219178,4,0,0,1,0,0.693147181,0,1,0,0,0.008219178
Hawaii,2001,32,1227025,2.6,2.5,1.7,3.6,0.958558269,,,,,1,4.2,0,0,1,0,0.916290732,0,1,0,0,1
Hawaii,2002,42,1244898,3.4,3.3,2.4,4.5,1.216030926,,,,,1,4,0,0,1,0,1.193922469,0,1,0,0,1
Hawaii,2003,31,1257613,2.5,2.4,1.6,3.4,0.902186632,,,,,1,3.9,0,0,1,0,0.875468737,0,1,0,0,1
Hawaii,2004,49,1262840,3.9,3.8,2.8,5,1.355872052,,,,,1,3.2,0,0,1,0,1.335001067,0,1,0,0,1
Hawaii,2005,55,1275194,4.3,4.2,3.1,5.5,1.461649768,,,,,1,2.8,0,0,1,0,1.435084525,0,1,0,0,1
Hawaii,2006,42,1285498,3.3,3.2,2.3,4.4,1.183938333,,,,,1,2.5,0,0,1,0,1.16315081,0,1,0,0,1
Hawaii,2007,67,1283388,5.2,5.1,3.9,6.5,1.65260407,,,,,1,2.7,0,0,1,0,1.62924054,0,1,0,0,1
Hawaii,2008,43,1288198,3.3,3.3,2.4,4.4,1.20537068,,,,,1,4,0,0,1,0,1.193922469,0,1,0,0,1
Hawaii,2009,52,1295178,4,4,3,5.2,1.390010488,,,,,1,6.8,0,0,1,0,1.386294361,0,1,0,0,1
Hawaii,2010,59,1360301,4.3,4.2,3.2,5.4,1.467246352,,,,,1,6.6,0,0,1,0,1.435084525,0,1,0,0,1
Hawaii,2011,66,1374810,4.8,4.6,3.6,5.9,1.568754109,3.7,6.1,0.6,0.6,1,6.799804688,0,0,1,0,1.526056304,0,1,0,0,1
Hawaii,2012,50,1392313,3.6,3.7,2.7,4.9,1.27847152,2.7,4.7,0.5,0.5,1,6,0.915068493,0,1,0,1.30833282,1,1,0,0,1
Hawaii,2013,58,1404054,4.1,3.9,2.9,5.1,1.418494151,3.1,5.3,0.5,0.5,1,4.899414063,1,0,1,0,1.360976553,1,1,0,0,1
Hawaii,2014,48,1419561,3.4,3.2,2.3,4.3,1.218268249,2.5,4.5,0.5,0.5,1,4.399414063,1,0,1,0,1.16315081,1,1,0,0,1
Hawaii,2015,50,1431603,3.5,3.3,2.5,4.4,1.250643117,2.6,4.6,0.5,0.5,1,3.599609375,1,0,1,0,1.193922469,1,1,0,0,1
Hawaii,2016,61,1428557,4.3,4.1,3.1,5.3,1.451623927,3.3,5.5,0.5,0.5,1,2.899902344,1,0,1,0,1.410986974,1,1,0,0,1
Hawaii,2017,44,1427538,3.1,2.8,2,3.9,1.125653259,2.2,4.1,0.5,0.4,1,2.399902344,1,0,1,0,1.029619417,1,1,0,0,1
Idaho,1999,20,1275674,1.6,1.6,1,2.5,0.449672514,,,,,0,4.9,1,0,0,0,0.470003629,0,0,0,0,0
Idaho,2000,22,1293953,1.7,1.8,1.1,2.7,0.530755486,,,,,0,4.6,1,0,0,0,0.587786665,0,0,0,0,0
Idaho,2001,42,1320585,3.2,3.3,2.4,4.5,1.157009705,,,,,0,4.9,1,0,0,0,1.193922469,0,0,0,0,0
Idaho,2002,39,1341131,2.9,3,2.2,4.2,1.067463265,,,,,0,5.4,1,0,0,0,1.098612289,0,0,0,0,0
Idaho,2003,49,1366332,3.6,3.7,2.8,4.9,1.277105428,,,,,0,5.2,1,0,0,0,1.30833282,0,0,0,0,0
Idaho,2004,41,1393262,2.9,3.1,2.2,4.2,1.079339213,,,,,0,4.6,1,0,0,0,1.131402112,0,0,0,0,0
Idaho,2005,39,1429096,2.7,2.8,2,3.9,1.003934477,,,,,0,3.7,1,0,0,0,1.029619417,0,0,0,0,0
Idaho,2006,61,1466465,4.2,4.3,3.3,5.5,1.425434028,,,,,0,3,1,0,0,0,1.458615023,0,1,0,0,0
Idaho,2007,55,1499402,3.7,3.7,2.8,4.9,1.29968173,,,,,0,2.9,1,0,0,0,1.30833282,0,1,0,0,0
Idaho,2008,62,1523816,4.1,4.1,3.2,5.3,1.403331577,,,,,0,4.7,1,0,1,0,1.410986974,1,1,0,0,0
Idaho,2009,60,1545801,3.9,4.1,3.1,5.3,1.356217247,,,,,0,7.7,1,0,1,0,1.410986974,1,1,0,0,0
Idaho,2010,70,1567582,4.5,4.6,3.6,5.9,1.496375844,,,,,0,9.3,1,0,1,0,1.526056304,1,1,0,0,0
Idaho,2011,70,1584985,4.4,4.7,3.6,5.9,1.485335206,3.4,5.6,0.5,0.6,0,8.298828125,1,0,1,0,1.547562509,1,1,0,0,0
Idaho,2012,54,1595728,3.4,3.6,2.7,4.7,1.219068895,2.5,4.4,0.5,0.5,0,7.19921875,1,0,1,0,1.280933846,1,1,0,0,0
Idaho,2013,66,1612136,4.1,4.1,3.1,5.2,1.409509641,3.2,5.2,0.5,0.5,0,6.099609375,1,0,1,0,1.410986974,1,1,0,0,0
Idaho,2014,64,1634464,3.9,4.1,3.1,5.3,1.364983069,3,5,0.5,0.5,0,4.899414063,1,0,1,0,1.410986974,1,1,0,0,0
Idaho,2015,73,1654930,4.4,4.8,3.8,6.1,1.484115636,3.5,5.5,0.5,0.6,0,4.19921875,1,0,1,0,1.568615918,1,1,0,0,0
Idaho,2016,91,1683140,5.4,5.6,4.5,7,1.687613317,4.4,6.6,0.6,0.6,0,3.799804688,1,0,1,0,1.722766598,1,1,0,0,0
Idaho,2017,78,1716943,4.5,4.7,3.7,5.9,1.51357835,3.6,5.7,0.5,0.5,0,3.199707031,1,0,1,0,1.547562509,1,1,0,0,0
Illinois,1999,92,12359020,0.7,0.7,0.6,0.9,-0.295182677,,,,,0,4.5,0,0,1,0,-0.356674944,0,0,0,0,0
Illinois,2000,118,12419293,1,0.9,0.8,1.1,-0.051151619,,,,,0,4.5,0,0,1,0,-0.105360516,0,0,0,0,0
Illinois,2001,150,12520227,1.2,1.2,1,1.4,0.180704705,,,,,0,5.4,0,0,1,0,0.182321557,0,0,0,0,0
Illinois,2002,173,12600620,1.4,1.4,1.2,1.6,0.316960482,,,,,0,6.5,0,0,1,0,0.336472237,0,0,0,0,0
Illinois,2003,151,12653544,1.2,1.2,1,1.4,0.17675741,,,,,0,6.7,0,0,1,0,0.182321557,0,0,0,0,0
Illinois,2004,171,12713634,1.3,1.4,1.1,1.6,0.296403503,,,,,0,6.2,0,0,1,0,0.336472237,0,0,0,0,0
Illinois,2005,227,12763371,1.8,1.8,1.5,2,0.575785497,,,,,0,5.8,0,0,1,0,0.587786665,0,0,0,0,0
Illinois,2006,558,12831970,4.3,4.4,4,4.7,1.469834156,,,,,0,4.6,0,0,1,0,1.481604541,0,0,0,0,0
Illinois,2007,315,12852548,2.5,2.4,2.2,2.7,0.896445466,,,,,0,5.1,0,0,1,0,0.875468737,0,0,0,0,0
Illinois,2008,321,12901563,2.5,2.5,2.2,2.8,0.911507563,,,,,0,6.4,0,0,1,0,0.916290732,0,0,0,0,0
Illinois,2009,362,12910409,2.8,2.8,2.5,3.1,1.031025234,,,,,0,10,0.912328767,0,1,0,1.029619417,1,0,0,0,0
Illinois,2010,344,12830632,2.7,2.7,2.4,3,0.986221127,,,,,0,10.3,1,0,1,0,0.993251773,1,0,0,0,0
Illinois,2011,309,12869257,2.4,2.4,2.1,2.7,0.875914895,2.1,2.7,0.1,0.1,0,9.69921875,1,0,1,0,0.875468737,1,0,0,0,0
Illinois,2012,337,12875255,2.6,2.6,2.3,2.9,0.962190585,2.3,2.9,0.1,0.1,0,9,1,0,1,0,0.955511445,1,0,0,0,0
Illinois,2013,343,12882135,2.7,2.6,2.3,2.9,0.979303886,2.4,2.9,0.1,0.1,0,9,1,0,1,0,0.955511445,1,0,0,0,0
Illinois,2014,442,12880580,3.4,3.4,3.1,3.7,1.233004038,3.1,3.8,0.2,0.2,0.997260274,7.099609375,1,0,1,0,1.223775432,1,0,0,0,0.997260274
Illinois,2015,585,12859995,4.5,4.5,4.1,4.8,1.514905424,4.2,4.9,0.2,0.2,1,6,1,0,1,0,1.504077397,1,1,0,0,1
Illinois,2016,1262,12801539,9.9,9.9,9.3,10.4,2.288302552,9.3,10.4,0.3,0.3,1,5.799804688,1,0,1,0,2.292534757,1,1,0,0,1
Illinois,2017,1642,12802023,12.8,12.8,12.2,13.4,2.551481992,12.2,13.4,0.3,0.3,1,5,1,0,1,0,2.549445171,1,1,0,0,1
Indiana,1999,28,6044969,0.5,0.5,0.3,0.7,-0.769606939,,,,,0,2.9,0,0,0,0,-0.693147181,0,0,0,0,0
Indiana,2000,27,6080485,0.4,0.4,0.3,0.6,-0.81183269,,,,,0,2.9,0,0,0,0,-0.916290732,0,0,0,0,0
Indiana,2001,52,6126743,0.8,0.9,0.6,1.1,-0.164004662,,,,,0,4.2,0,0,0,0,-0.105360516,0,0,0,0,0
Indiana,2002,47,6159068,0.8,0.8,0.6,1.1,-0.270362959,,,,,0,5.2,0,0,0,0,-0.223143551,0,0,0,0,0
Indiana,2003,98,6195643,1.6,1.6,1.3,2,0.458536083,,,,,0,5.3,0,0,0,0,0.470003629,0,0,0,0,0
Indiana,2004,101,6237569,1.6,1.6,1.3,2,0.481944901,,,,,0,5.3,0,0,0,0,0.470003629,0,0,0,0,0
Indiana,2005,121,6271973,1.9,1.9,1.6,2.3,0.657114474,,,,,0,5.4,0,0,0,0,0.641853886,0,0,0,0,0
Indiana,2006,137,6313520,2.2,2.2,1.8,2.5,0.774702467,,,,,0,5,0,0,1,0,0.78845736,0,0,0,0,0
Indiana,2007,194,6345289,3.1,3.1,2.7,3.6,1.117560418,,,,,0,4.6,1,0,1,0,1.131402112,1,0,0,0,0
Indiana,2008,218,6376792,3.4,3.5,3,3.9,1.22924482,,,,,0,5.9,1,0,1,0,1.252762969,1,0,0,0,0
Indiana,2009,255,6423113,4,4,3.5,4.5,1.378775561,,,,,0,10.4,1,0,1,0,1.386294361,1,0,0,0,0
Indiana,2010,229,6483802,3.5,3.6,3.1,4.1,1.261829844,,,,,0,10.2,1,0,1,0,1.280933846,1,1,0,0,0
Indiana,2011,253,6516922,3.9,4,3.5,4.5,1.356402217,3.4,4.4,0.2,0.3,0,9.099609375,1,0,1,0,1.386294361,1,1,0,0,0
Indiana,2012,214,6537334,3.3,3.4,2.9,3.8,1.185861485,2.8,3.7,0.2,0.2,0,8.298828125,1,0,1,0,1.223775432,1,1,0,0,0
Indiana,2013,169,6570902,2.6,2.6,2.2,3,0.944662508,2.2,3,0.2,0.2,0,7.69921875,1,0,1,0,0.955511445,1,1,0,0,0
Indiana,2014,256,6596855,3.9,4,3.5,4.5,1.355999331,3.4,4.4,0.2,0.3,0,6,1,0,1,0,1.386294361,1,1,0,0,0
Indiana,2015,279,6619680,4.2,4.3,3.8,4.8,1.438579658,3.7,4.7,0.3,0.3,0,4.799804688,1,0,1,0,1.458615023,1,1,0,0,0
Indiana,2016,493,6633053,7.4,7.8,7.1,8.5,2.0058589,6.8,8.1,0.3,0.4,0,4.399414063,1,0,1,0,2.054123734,1,1,0,0,0
Indiana,2017,932,6666818,14,14.8,13.9,15.8,2.637605037,13.1,14.9,0.5,0.5,0.709589041,3.5,1,0,1,0,2.694627181,1,1,0.709589041,0,0
Iowa,1999,11,2917634,,,0.2,0.7,-0.975462834,,,,,0,2.6,0,0,0,0,-0.798507696,0,0,0,0,0
Iowa,2000,12,2926324,,,0.2,0.8,-0.891425471,,,,,0,2.8,0,0,0,0,-0.693147181,0,0,0,0,0
Iowa,2001,22,2931967,0.8,0.8,0.5,1.2,-0.287216168,,,,,0,3.3,0,0,0,0,-0.223143551,0,0,0,0,0
Iowa,2002,29,2936760,1,1,0.7,1.4,-0.012596196,,,,,0,3.9,0,0,0,0,0,0,0,0,0,0
Iowa,2003,30,2944062,1,1.1,0.7,1.5,0.018822028,,,,,0,4.4,0,0,0,0,0.09531018,0,0,0,0,0
Iowa,2004,54,2954451,1.8,1.8,1.4,2.4,0.603086107,,,,,0,4.6,0,0,0,0,0.587786665,0,0,0,0,0
Iowa,2005,59,2966334,2,2,1.5,2.6,0.687625504,,,,,0,4.3,0,0,0,0,0.693147181,0,0,0,0,0
Iowa,2006,83,2982085,2.8,2.9,2.3,3.6,1.023632795,,,,,0,3.7,0,0,0,0,1.064710737,0,0,0,0,0
Iowa,2007,97,2988046,3.2,3.3,2.7,4,1.177506223,,,,,0,3.8,0,0,0,0,1.193922469,0,0,0,0,0
Iowa,2008,111,3002555,3.7,3.9,3.1,4.6,1.307481515,,,,,0,4.3,0,0,0,0,1.360976553,0,0,0,0,0
Iowa,2009,126,3007856,4.2,4.5,3.7,5.3,1.432469281,,,,,0,5.6,1,0,0,0,1.504077397,1,0,0,0,0
Iowa,2010,130,3046355,4.3,4.5,3.7,5.3,1.451003564,,,,,0,6.1,1,0,0,0,1.504077397,1,0,0,0,0
Iowa,2011,136,3062309,4.4,4.7,3.9,5.5,1.490900586,3.7,5.2,0.4,0.4,0,5.5,1,0,0,0,1.547562509,1,0,0,0,0
Iowa,2012,151,3074186,4.9,5.2,4.4,6.1,1.591654593,4.1,5.7,0.4,0.4,0,5,1,0,0,0,1.648658626,1,0,0,0,0
Iowa,2013,141,3090416,4.6,4.8,4,5.6,1.517869088,3.8,5.3,0.4,0.4,0,4.69921875,1,0,0,0,1.568615918,1,0,0,0,0
Iowa,2014,112,3107126,3.6,3.7,3,4.4,1.282215595,2.9,4.3,0.3,0.4,0.501369863,4.19921875,1,0,0,0,1.30833282,1,0,0.501369863,0,0
Iowa,2015,122,3123899,3.9,4.1,3.4,4.9,1.362354051,3.2,4.6,0.4,0.4,1,3.799804688,1,0,0,0,1.410986974,1,0,1,0,0
Iowa,2016,135,3134693,4.3,4.5,3.7,5.3,1.460158443,3.6,5,0.4,0.4,1,3.599609375,1,0,0,0,1.504077397,1,0,1,0,0
Iowa,2017,168,3145711,5.3,5.6,4.7,6.5,1.675338949,4.5,6.1,0.4,0.4,1,3.099609375,1,0,0,0,1.722766598,1,0,1,0,0
Kansas,1999,21,2678338,0.8,0.8,0.5,1.3,-0.243259108,,,,,0,3.5,0,0,0,0,-0.223143551,0,0,0,0,0
Kansas,2000,20,2688418,0.7,0.8,0.5,1.2,-0.295805736,,,,,0,3.8,0,0,0,0,-0.223143551,0,0,0,0,0
Kansas,2001,42,2702125,1.6,1.6,1.2,2.2,0.441046025,,,,,0,4.3,0,0,0,0,0.470003629,0,0,0,0,0
Kansas,2002,77,2715884,2.8,2.9,2.3,3.6,1.04210283,,,,,0,5.1,0,0,0,0,1.064710737,0,0,0,0,0
Kansas,2003,66,2723508,2.4,2.5,1.9,3.2,0.885148894,,,,,0,5.6,0,0,0,0,0.916290732,0,0,0,0,0
Kansas,2004,106,2735502,3.9,4,3.2,4.8,1.354539036,,,,,0,5.5,0,0,0,0,1.386294361,0,0,0,0,0
Kansas,2005,101,2744687,3.7,3.8,3.1,4.6,1.302868381,,,,,0,5.1,0,0,0,0,1.335001067,0,0,0,0,0
Kansas,2006,113,2764075,4.1,4.2,3.4,4.9,1.408096686,,,,,0,4.4,0,0,0,0,1.435084525,0,0,0,0,0
Kansas,2007,113,2775997,4.1,4.2,3.4,4.9,1.403792764,,,,,0,4.1,0,0,0,0,1.435084525,0,0,0,0,0
Kansas,2008,84,2802134,3,3,2.4,3.7,1.097850436,,,,,0,4.5,0,0,0,0,1.098612289,0,0,0,0,0
Kansas,2009,131,2818747,4.6,4.9,4.1,5.8,1.53631977,,,,,0,7.1,0,0,0,0,1.589235205,0,0,0,0,0
Kansas,2010,89,2853118,3.1,3.2,2.6,4,1.137638845,,,,,0,7,0,0,0,0,1.16315081,0,0,0,0,0
Kansas,2011,108,2871238,3.8,3.9,3.2,4.7,1.324802839,3.1,4.5,0.4,0.4,0,6.5,1,0,0,0,1.360976553,1,0,0,0,0
Kansas,2012,152,2885905,5.3,5.6,4.7,6.5,1.661456886,4.4,6.1,0.4,0.5,0,5.69921875,1,0,0,0,1.722766598,1,0,0,0,0
Kansas,2013,144,2893957,5,5.3,4.4,6.1,1.604603437,4.2,5.8,0.4,0.4,0,5.299804688,1,0,0,0,1.667706821,1,0,0,0,0
Kansas,2014,151,2904021,5.2,5.3,4.4,6.1,1.648598416,4.4,6,0.4,0.4,0,4.5,1,0,0,0,1.667706821,1,0,0,0,0
Kansas,2015,127,2911641,4.4,4.6,3.8,5.4,1.472885154,3.6,5.1,0.4,0.4,0,4.19921875,1,0,0,0,1.526056304,1,0,0,0,0
Kansas,2016,109,2907289,3.7,3.8,3,4.5,1.321541757,3,4.5,0.4,0.4,0,4,1,0,0,0,1.335001067,1,0,0,0,0
Kansas,2017,117,2913123,4,4.1,3.4,4.9,1.39036314,3.3,4.7,0.4,0.4,0,3.599609375,1,0,0,0,1.410986974,1,0,0,0,0
Kentucky,1999,48,4018053,1.2,1.2,0.9,1.5,0.177818461,,,,,0,4.6,1,0,0,0,0.182321557,1,0,0,0,0
Kentucky,2000,75,4041769,1.9,1.8,1.5,2.3,0.618220553,,,,,0,4.2,1,0,0,0,0.587786665,1,0,0,0,0
Kentucky,2001,129,4068816,3.2,3.1,2.6,3.7,1.153875263,,,,,0,5.2,1,0,0,0,1.131402112,1,0,0,0,0
Kentucky,2002,158,4092891,3.9,3.8,3.2,4.4,1.350758374,,,,,0,5.7,1,0,0,0,1.335001067,1,0,0,0,0
Kentucky,2003,213,4117827,5.2,5.2,4.5,5.9,1.643381476,,,,,0,6.3,1,0,0,0,1.648658626,1,0,0,0,0
Kentucky,2004,205,4145922,4.9,4.9,4.3,5.6,1.598299686,,,,,0,5.6,1,0,0,0,1.589235205,1,0,0,0,0
Kentucky,2005,266,4173405,6.4,6.3,5.6,7.1,1.852178966,,,,,0,6,1,0,0,0,1.840549633,1,0,0,0,0
Kentucky,2006,309,4206074,7.3,7.4,6.6,8.2,1.994226513,,,,,0,5.9,1,0,0,0,2.00148,1,0,0,0,0
Kentucky,2007,322,4241474,7.6,7.5,6.7,8.4,2.027055602,,,,,0,5.6,1,0,0,0,2.014903021,1,0,0,0,0
Kentucky,2008,344,4269245,8.1,8.2,7.3,9,2.086619568,,,,,0,6.6,1,0,0,0,2.104134154,1,0,0,0,0
Kentucky,2009,388,4314113,9,9.1,8.2,10,2.196528505,,,,,0,10.7,1,0,0,0,2.208274414,1,0,0,0,0
Kentucky,2010,532,4339367,12.3,12.6,11.5,13.7,2.506329911,,,,,0,10.5,1,0,0,0,2.533696814,1,0,0,0,0
Kentucky,2011,560,4369356,12.8,13.2,12.1,14.3,2.550736061,11.8,13.9,0.5,0.6,0,9.3984375,1,0,0,0,2.58021683,1,0,0,0,0
Kentucky,2012,488,4380415,11.1,11.2,10.2,12.2,2.410586844,10.2,12.1,0.5,0.5,0,8.19921875,1,1,0,1,2.415913778,1,0,0,0,0
Kentucky,2013,438,4395295,10,10.1,9.1,11,2.299099167,9,10.9,0.5,0.5,0,8,1,1,0,1,2.312535424,1,0,0,0,0
Kentucky,2014,502,4413457,11.4,11.5,10.5,12.5,2.431356744,10.4,12.4,0.5,0.5,0.726027397,6.5,1,1,0,1,2.442347035,1,0,0.726027397,0,0
Kentucky,2015,644,4425092,14.6,15.3,14.1,16.5,2.677822564,13.4,15.7,0.6,0.6,1,5.299804688,1,1,0,1,2.727852828,1,0,1,0,0
Kentucky,2016,785,4436974,17.7,18.7,17.4,20,2.873126012,16.5,18.9,0.6,0.7,1,5.099609375,1,1,0,1,2.928523524,1,0,1,0,0
Kentucky,2017,1030,4454189,23.1,24.8,23.2,26.3,3.140883987,21.7,24.5,0.7,0.8,1,4.899414063,1,1,0,1,3.210843653,1,0,1,0,0
Louisiana,1999,19,4460811,,,0.3,0.7,-0.853476702,,,,,0,4.7,0,0,0,0,-0.693147181,0,0,0,0,0
Louisiana,2000,34,4468976,0.8,0.8,0.5,1.1,-0.273383868,,,,,0,5,0,0,0,0,-0.223143551,0,0,0,0,0
Louisiana,2001,63,4470368,1.4,1.4,1.1,1.8,0.343078902,,,,,0,5.4,0,0,0,0,0.336472237,0,0,0,0,0
Louisiana,2002,75,4482646,1.7,1.7,1.3,2.1,0.514689524,,,,,0,5.9,0,0,0,0,0.530628251,0,0,0,0,0
Louisiana,2003,101,4496334,2.2,2.3,1.8,2.7,0.809273026,,,,,0,6.2,0,0,0,0,0.832909123,0,0,0,0,0
Louisiana,2004,123,4515770,2.7,2.8,2.3,3.2,1.002023547,,,,,0,5.5,0,0,0,0,1.029619417,0,0,0,0,0
Louisiana,2005,147,4523628,3.2,3.3,2.7,3.8,1.178533167,,,,,0,6.7,0,0,0,1,1.193922469,0,0,0,0,0
Louisiana,2006,164,4287768,3.8,3.9,3.3,4.5,1.341515017,,,,,0,3.9,0,0,1,1,1.360976553,0,1,0,0,0
Louisiana,2007,190,4293204,4.4,4.5,3.9,5.2,1.487405672,,,,,0,3.8,0,0,1,1,1.504077397,0,1,0,0,0
Louisiana,2008,103,4410796,2.3,2.4,1.9,2.8,0.848088723,,,,,0,4.4,0,1,1,1,0.875468737,0,1,0,0,0
Louisiana,2009,86,4492076,1.9,1.9,1.5,2.4,0.649447248,,,,,0,6.6,1,1,1,1,0.641853886,1,1,0,0,0
Louisiana,2010,98,4533372,2.2,2.2,1.8,2.7,0.770916352,,,,,0,7.5,1,1,1,1,0.78845736,1,1,0,0,0
Louisiana,2011,85,4574836,1.9,1.8,1.5,2.3,0.619495312,1.5,2.3,0.2,0.2,0,7.799804688,1,1,1,1,0.587786665,1,1,0,0,0
Louisiana,2012,107,4601893,2.3,2.3,1.9,2.8,0.843776001,1.9,2.8,0.2,0.2,0,7.099609375,1,1,1,1,0.832909123,1,1,0,0,0
Louisiana,2013,119,4625470,2.6,2.6,2.2,3.1,0.944960413,2.1,3,0.2,0.2,0,6.69921875,1,1,1,1,0.955511445,1,1,0,0,0
Louisiana,2014,123,4649676,2.6,2.7,2.2,3.2,0.972801723,2.2,3.1,0.2,0.2,0,6.399414063,1,1,1,1,0.993251773,1,1,0,0,0
Louisiana,2015,149,4670724,3.2,3.2,2.7,3.7,1.160047121,2.7,3.7,0.3,0.3,0,6.299804688,1,1,1,1,1.16315081,1,1,0,0,0
Louisiana,2016,193,4681666,4.1,4.2,3.6,4.8,1.416451066,3.5,4.7,0.3,0.3,0,6,1,1,1,1,1.435084525,1,1,0,0,0
Louisiana,2017,281,4684333,6,6.3,5.5,7,1.79154604,5.3,6.7,0.4,0.4,0,5.099609375,1,1,1,1,1.840549633,1,1,0,0,0
Maine,1999,16,1266808,,,0.7,2,0.233503279,,,,,0.021917808,3.9,0,0,1,0,0.300104593,0,0,0,0,0.021917808
Maine,2000,32,1274923,2.5,2.5,1.7,3.5,0.920265025,,,,,1,3.3,0,0,1,0,0.916290732,0,0,0,0,1
Maine,2001,39,1284475,3,3,2.1,4.1,1.110626479,,,,,1,3.7,0,0,1,0,1.098612289,0,0,0,0,1
Maine,2002,73,1294466,5.6,5.7,4.5,7.2,1.729776093,,,,,1,4.4,0,0,1,0,1.740466175,0,0,0,0,1
Maine,2003,72,1305732,5.5,5.5,4.3,7,1.707317223,,,,,1,5,0,0,1,0,1.704748092,0,1,0,0,1
Maine,2004,89,1317253,6.8,6.9,5.6,8.6,1.910502769,,,,,1,4.6,0,0,1,0,1.931521412,0,1,0,0,1
Maine,2005,102,1321505,7.7,7.8,6.2,9.3,2.043616482,,,,,1,4.9,1,0,1,0,2.054123734,1,1,0,0,1
Maine,2006,85,1321574,6.4,6.6,5.2,8.1,1.861242713,,,,,1,4.7,1,0,1,0,1.887069649,1,1,0,0,1
Maine,2007,92,1317207,7,7.3,5.8,8.9,1.943689898,,,,,1,4.7,1,0,1,0,1.987874348,1,1,0,0,1
Maine,2008,98,1316456,7.4,7.5,6.1,9.2,2.007439108,,,,,1,5.4,1,0,1,0,2.014903021,1,1,0,0,1
Maine,2009,107,1318301,8.1,8.2,6.6,9.7,2.093899955,,,,,1,8.2,1,0,1,0,2.104134154,1,1,0,0,1
Maine,2010,87,1328361,6.5,6.9,5.5,8.6,1.879377174,,,,,1,7.9,1,0,1,0,1.931521412,1,1,0,0,1
Maine,2011,82,1328188,6.2,6.5,5.1,8.1,1.820318547,4.9,7.7,0.7,0.7,1,7.899414063,1,0,1,0,1.871802177,1,1,0,0,1
Maine,2012,89,1329192,6.7,6.9,5.5,8.6,1.901480038,5.4,8.2,0.7,0.8,1,7.5,1,0,1,0,1.931521412,1,1,0,0,1
Maine,2013,105,1328302,7.9,8,6.4,9.7,2.067473822,6.4,9.4,0.8,0.8,1,6.599609375,1,0,1,0,2.079441542,1,1,0,0,1
Maine,2014,147,1330089,11.1,11.8,9.8,13.7,2.402601637,9.3,12.8,0.9,1,1,5.599609375,1,0,1,0,2.468099532,1,1,0,0,1
Maine,2015,203,1329328,15.3,16.3,14,18.6,2.725947335,13.2,17.4,1.1,1.2,1,4.399414063,1,0,1,0,2.791165108,1,1,0,0,1
Maine,2016,285,1331479,21.4,23.8,21,26.7,3.063613733,18.9,23.9,1.3,1.5,1,3.799804688,1,0,1,0,3.169685581,1,1,0,0,1
Maine,2017,339,1335907,25.4,28.1,25,31.1,3.233804553,22.7,28.1,1.4,1.6,1,3.299804688,1,0,1,0,3.335769576,1,1,0,0.917808219,0.082191781
Maryland,1999,15,5254509,,,0.2,0.5,-1.253621457,,,,,0,3.6,0,0,0,0,-1.049822124,0,0,0,0,0
Maryland,2000,45,5296486,0.8,0.8,0.6,1.1,-0.162966185,,,,,0,3.6,0,0,0,0,-0.223143551,0,0,0,0,0
Maryland,2001,47,5386079,0.9,0.9,0.6,1.1,-0.136255153,,,,,0,4.1,0,0,0,0,-0.105360516,0,0,0,0,0
Maryland,2002,58,5458137,1.1,1,0.8,1.3,0.060750395,,,,,0,4.5,0,0,0,0,0,0,0,0,0,0
Maryland,2003,75,5508909,1.4,1.3,1,1.7,0.308536421,,,,,0,4.5,0,0,0,0,0.262364265,0,0,0,0,0
Maryland,2004,172,5558058,3.1,3,2.5,3.4,1.129660617,,,,,0,4.3,0,0,0,0,1.098612289,0,0,0,0,0
Maryland,2005,230,5600388,4.1,4.1,3.5,4.6,1.412658335,,,,,0,4.1,0,0,0,0,1.410986974,0,0,0,0,0
Maryland,2006,307,5615727,5.5,5.3,4.7,5.9,1.6986916,,,,,0,3.8,0,0,0,0,1.667706821,0,0,0,0,0
Maryland,2007,329,5618344,5.9,5.7,5.1,6.3,1.767435699,,,,,0,3.6,0,0,0,0,1.740466175,0,0,0,0,0
Maryland,2008,329,5633597,5.8,5.7,5,6.3,1.764724521,,,,,0,4.4,0,0,0,0,1.740466175,0,0,0,0,0
Maryland,2009,338,5699478,5.9,5.7,5.1,6.3,1.780086211,,,,,0,7.1,0,0,0,0,1.740466175,0,0,0,0,0
Maryland,2010,369,5773552,6.4,6.2,5.6,6.9,1.854924062,,,,,0,7.5,0,0,0,0,1.824549292,0,0,0,0,0
Maryland,2011,411,5828289,7.1,6.8,6.2,7.5,1.953284646,6.4,7.7,0.3,0.3,0,7.19921875,0,0,0,0,1.916922612,0,0,0,0,0
Maryland,2012,428,5884563,7.3,7,6.3,7.7,1.984205621,6.6,8,0.4,0.3,0,7,0,0,0,0,1.945910149,0,0,0,0,0
Maryland,2013,478,5928814,8.1,7.8,7.1,8.5,2.087201447,7.3,8.8,0.4,0.4,0,6.599609375,0,0,0,0,2.054123734,1,0,0,0,0
Maryland,2014,636,5976407,10.6,10.3,9.5,11.1,2.364793919,9.8,11.5,0.4,0.4,0.583561644,5.799804688,1,0,0,0,2.332143895,1,0,0,0,0.583561644
Maryland,2015,747,6006401,12.4,12.2,11.3,13.1,2.520654358,11.5,13.3,0.5,0.5,1,5.099609375,1,0,0,0,2.501435952,1,0,0,0,1
Maryland,2016,1507,6016447,25,24.5,23.2,25.7,3.22079422,23.8,26.3,0.6,0.6,1,4.399414063,1,0,0,0,3.198673118,1,0,0,0,1
Maryland,2017,1842,6052177,30.4,29.9,28.5,31.3,3.415604082,29,31.8,0.7,0.7,1,4.099609375,1,0,0,0,3.39785848,1,0,0,0,1
Massachusetts,1999,47,6317345,0.7,0.7,0.5,1,-0.295736516,,,,,0,3.3,0,0,0,0,-0.356674944,0,0,0,0,0
Massachusetts,2000,54,6349097,0.9,0.8,0.6,1.1,-0.161913644,,,,,0,2.7,0,0,0,0,-0.223143551,0,0,0,0,0
Massachusetts,2001,100,6401167,1.6,1.5,1.2,1.8,0.446104776,,,,,0,3.7,0,0,0,0,0.405465108,0,0,0,0,0
Massachusetts,2002,116,6427803,1.8,1.7,1.4,2,0.590372298,,,,,0,5.3,0,0,0,0,0.530628251,0,0,0,0,0
Massachusetts,2003,146,6433422,2.3,2.2,1.9,2.6,0.819514939,,,,,0,5.8,0,0,0,0,0.78845736,0,0,0,0,0
Massachusetts,2004,149,6416505,2.3,2.3,1.9,2.6,0.842487636,,,,,0,5.2,0,0,0,0,0.832909123,0,0,0,0,0
Massachusetts,2005,209,6398743,3.3,3.2,2.7,3.6,1.183647594,,,,,0,4.8,0,0,0,0,1.16315081,0,0,0,0,0
Massachusetts,2006,353,6437193,5.5,5.4,4.8,5.9,1.701790388,,,,,0,4.8,0,0,0,0,1.686398954,0,0,0,0,0
Massachusetts,2007,333,6449755,5.2,5,4.4,5.5,1.641515251,,,,,0,4.5,0,0,0,0,1.609437912,0,0,0,0,0
Massachusetts,2008,249,6497967,3.8,3.7,3.2,4.2,1.343378445,,,,,0,5.3,0,0,0,0,1.30833282,0,1,0,0,0
Massachusetts,2009,308,6593587,4.7,4.4,3.9,4.9,1.54141718,,,,,0,8.2,0,0,0,0,1.481604541,0,1,0,0,0
Massachusetts,2010,298,6547629,4.6,4.5,3.9,5,1.515405394,,,,,0,8.5,0,0,1,0,1.504077397,0,1,0,0,0
Massachusetts,2011,282,6587536,4.3,4.1,3.6,4.6,1.454142599,3.8,4.8,0.3,0.2,0,7.299804688,0.997260274,0,1,0,1.410986974,1,1,0,0,0
Massachusetts,2012,288,6646144,4.3,4.2,3.7,4.7,1.46633855,3.8,4.8,0.3,0.3,0,6.69921875,1,0,1,0,1.435084525,1,1,0,0,0
Massachusetts,2013,337,6692824,5,4.9,4.3,5.4,1.61646193,4.5,5.6,0.3,0.3,0.997260274,6.69921875,1,0,1,0,1.589235205,1,1,0,0,0.997260274
Massachusetts,2014,655,6745408,9.7,9.8,9,10.6,2.273188166,9,10.5,0.4,0.4,1,5.69921875,1,0,1,0,2.282382386,1,1,0,0,1
Massachusetts,2015,1132,6794422,16.7,17,16,18,2.813054184,15.7,17.6,0.5,0.5,1,4.799804688,1,0,1,0,2.833213344,1,1,0,0,1
Massachusetts,2016,1743,6811779,25.6,26.1,24.8,27.3,3.242124633,24.4,26.8,0.6,0.6,1,3.899902344,1,0,1,0,3.261935314,1,1,0,0.043835616,0.956164384
Massachusetts,2017,1790,6859819,26.1,26.4,25.2,27.7,3.261704749,24.9,27.3,0.6,0.6,1,3.699707031,1,0,1,0,3.27336401,1,1,0,1,0
Michigan,1999,63,9897116,0.6,0.6,0.5,0.8,-0.451693768,,,,,0,3.8,0,0,0,0,-0.510825624,0,0,0,0,0
Michigan,2000,72,9938444,0.7,0.7,0.6,0.9,-0.322329443,,,,,0,3.7,0,0,0,0,-0.356674944,0,0,0,0,0
Michigan,2001,92,10006266,0.9,0.9,0.7,1.1,-0.084008013,,,,,0,5.2,0,0,0,0,-0.105360516,0,0,0,0,0
Michigan,2002,151,10050446,1.5,1.5,1.3,1.7,0.407077732,,,,,0,6.2,0,0,0,0,0.405465108,0,0,0,0,0
Michigan,2003,150,10079985,1.5,1.5,1.2,1.7,0.397498427,,,,,0,7.1,1,0,0,0,0.405465108,1,0,0,0,0
Michigan,2004,233,10112620,2.3,2.3,2,2.6,0.834669212,,,,,0,7.1,1,0,0,0,0.832909123,1,0,0,0,0
Michigan,2005,325,10120860,3.2,3.2,2.8,3.5,1.166641449,,,,,0,6.8,1,0,0,0,1.16315081,1,0,0,0,0
Michigan,2006,468,10095643,4.6,4.6,4.2,5,1.533779258,,,,,0,6.9,1,0,0,0,1.526056304,1,0,0,0,0
Michigan,2007,370,10071822,3.7,3.6,3.3,4,1.301176289,,,,,0,7.1,1,0,1,0,1.280933846,1,1,0,0,0
Michigan,2008,397,10003422,4,3.9,3.5,4.3,1.378423953,,,,,0.073972603,8.3,1,0,1,0,1.360976553,1,1,0,0,0.073972603
Michigan,2009,441,9969727,4.4,4.4,4,4.8,1.486906581,,,,,1,13.3,1,0,1,0,1.481604541,1,1,0,0,1
Michigan,2010,444,9883640,4.5,4.5,4.1,4.9,1.502358605,,,,,1,12.5,1,0,1,0,1.504077397,1,1,0,0,1
Michigan,2011,411,9876187,4.2,4.3,3.9,4.7,1.425881615,3.8,4.6,0.2,0.2,1,10.3984375,1,0,1,0,1.458615023,1,1,0,0,1
Michigan,2012,427,9883360,4.3,4.3,3.9,4.8,1.463346385,3.9,4.7,0.2,0.2,1,9.099609375,1,0,1,0,1.458615023,1,1,0,0,1
Michigan,2013,469,9895622,4.7,4.7,4.3,5.2,1.555925238,4.3,5.2,0.2,0.2,1,8.798828125,1,0,1,0,1.547562509,1,1,0,0,1
Michigan,2014,574,9909877,5.8,5.9,5.4,6.4,1.756512367,5.3,6.3,0.2,0.3,1,7.19921875,1,0,1,0,1.774952351,1,1,0,0,1
Michigan,2015,873,9922576,8.8,9,8.4,9.6,2.174537898,8.2,9.4,0.3,0.3,1,5.399414063,1,0,1,0,2.197224577,1,1,0,0,1
Michigan,2016,1382,9928300,13.9,14.6,13.8,15.4,2.633312646,13.2,14.7,0.4,0.4,1,5,1,0,1,0,2.681021529,1,1,0,0,1
Michigan,2017,1756,9962311,17.6,18.3,17.4,19.2,2.869399608,16.8,18.5,0.4,0.4,1,4.599609375,1,0,1,0,2.90690106,1,1,0,0,1
Minnesota,1999,36,4873481,0.7,0.7,0.5,1,-0.302874621,,,,,0,2.8,0,0,0,0,-0.356674944,0,0,0,0,0
Minnesota,2000,25,4919479,0.5,0.5,0.3,0.7,-0.676911899,,,,,0,3.1,0,0,0,0,-0.693147181,0,0,0,0,0
Minnesota,2001,63,4984535,1.3,1.2,0.9,1.6,0.234209514,,,,,0,3.8,0,0,0,0,0.182321557,0,0,0,0,0
Minnesota,2002,64,5019720,1.3,1.3,1,1.6,0.242923835,,,,,0,4.5,0,0,0,0,0.262364265,0,0,0,0,0
Minnesota,2003,74,5059375,1.5,1.4,1.1,1.8,0.380237042,,,,,0,4.9,0,0,0,0,0.336472237,0,0,0,0,0
Minnesota,2004,102,5100958,2,2,1.6,2.3,0.692959355,,,,,0,4.6,0,0,0,0,0.693147181,0,0,0,0,0
Minnesota,2005,109,5132799,2.1,2.1,1.7,2.5,0.753111665,,,,,0,4.2,0,0,0,0,0.741937345,0,0,0,0,0
Minnesota,2006,131,5167101,2.5,2.5,2.1,2.9,0.930300434,,,,,0,4.1,0,0,0,0,0.916290732,0,0,0,0,0
Minnesota,2007,154,5197621,3,2.9,2.4,3.4,1.086166489,,,,,0,4.6,0,0,1,0,1.064710737,0,1,0,0,0
Minnesota,2008,169,5220393,3.2,3.2,2.7,3.7,1.174740936,,,,,0,5.4,0,0,1,0,1.16315081,0,1,0,0,0
Minnesota,2009,206,5266214,3.9,3.9,3.4,4.4,1.363979378,,,,,0,8.1,0,0,1,0,1.360976553,0,1,0,0,0
Minnesota,2010,184,5303925,3.5,3.4,2.9,3.9,1.243903552,,,,,0,7.3,1,0,1,0,1.223775432,1,1,0,0,0
Minnesota,2011,180,5344861,3.4,3.3,2.8,3.8,1.214236219,2.9,3.9,0.3,0.3,0,6.5,1,0,1,0,1.193922469,1,1,0,0,0
Minnesota,2012,195,5379139,3.6,3.6,3.1,4.1,1.287886141,3.1,4.1,0.3,0.3,0,5.599609375,1,0,1,0,1.280933846,1,1,0,0,0
Minnesota,2013,204,5420380,3.8,3.7,3.2,4.2,1.325368977,3.2,4.3,0.3,0.3,0,5,1,0,1,0,1.30833282,1,1,0,0,0
Minnesota,2014,210,5457173,3.8,3.9,3.4,4.5,1.347591548,3.3,4.4,0.3,0.3,0.416438356,4.19921875,1,0,1,0,1.360976553,1,1,0,0,0.416438356
Minnesota,2015,221,5489594,4,4,3.5,4.5,1.392723308,3.5,4.6,0.3,0.3,1,3.699707031,1,0,1,0,1.386294361,1,1,0,0,1
Minnesota,2016,275,5519952,5,5.1,4.5,5.7,1.60581684,4.4,5.6,0.3,0.3,1,3.899902344,1,0,1,0,1.62924054,1,1,0,0,1
Minnesota,2017,350,5576606,6.3,6.5,5.8,7.2,1.836767714,5.6,6.9,0.3,0.4,1,3.5,1,0,1,0,1.871802177,1,1,0,0,1
Mississippi,1999,12,2828408,,,0.2,0.8,-0.857392452,,,,,0,5.3,0,0,0,0,-0.693147181,0,0,0,0,0
Mississippi,2000,,2844658,,,,,,,,,,0,5.7,0,0,0,0,,0,0,0,0,0
Mississippi,2001,22,2859733,0.8,0.8,0.5,1.2,-0.262270903,,,,,0,5.6,0,0,0,0,-0.223143551,0,0,0,0,0
Mississippi,2002,22,2871782,0.8,0.8,0.5,1.2,-0.266475383,,,,,0,6.7,0,0,0,0,-0.223143551,0,0,0,0,0
Mississippi,2003,26,2881283,0.9,0.9,0.6,1.4,-0.102724236,,,,,0,6.4,0,0,0,0,-0.105360516,0,0,0,0,0
Mississippi,2004,22,2902966,0.8,0.8,0.5,1.2,-0.277275613,,,,,0,6.3,0,0,0,0,-0.223143551,0,0,0,0,0
Mississippi,2005,33,2921088,1.1,1.1,0.8,1.6,0.121966319,,,,,0,7.8,1,0,0,0,0.09531018,0,0,0,0,0
Mississippi,2006,60,2910540,2.1,2.1,1.6,2.7,0.723420838,,,,,0,6.8,1,0,0,0,0.741937345,0,0,0,0,0
Mississippi,2007,89,2918785,3,3.1,2.5,3.9,1.114883843,,,,,0,6.2,1,0,0,0,1.131402112,0,0,0,0,0
Mississippi,2008,97,2938618,3.3,3.4,2.8,4.2,1.194186483,,,,,0,6.8,1,0,0,0,1.223775432,1,0,0,0,0
Mississippi,2009,85,2951996,2.9,3,2.4,3.7,1.057584612,,,,,0,9.6,1,0,0,0,1.098612289,1,0,0,0,0
Mississippi,2010,93,2967297,3.1,3.1,2.5,3.8,1.142362963,,,,,0,10.4,1,0,0,0,1.131402112,1,1,0,0,0
Mississippi,2011,74,2978512,2.5,2.7,2.1,3.4,0.910056153,2,3.1,0.3,0.3,0,10,1,1,0,0,0.993251773,1,1,0,0,0
Mississippi,2012,94,2984926,3.1,3.3,2.6,4,1.147134733,2.5,3.9,0.3,0.3,0,9,1,1,0,1,1.193922469,1,1,0,0,0
Mississippi,2013,85,2991207,2.8,2.9,2.3,3.6,1.044389179,2.3,3.5,0.3,0.3,0,8.5,1,1,0,1,1.064710737,1,1,0,0,0
Mississippi,2014,87,2994079,2.9,2.9,2.3,3.6,1.066686354,2.3,3.6,0.3,0.3,0.501369863,7.5,1,1,0,1,1.064710737,1,1,0.501369863,0,0
Mississippi,2015,110,2992333,3.7,3.9,3.1,4.6,1.301841922,3,4.4,0.4,0.4,1,6.399414063,1,1,0,1,1.360976553,1,1,1,0,0
Mississippi,2016,139,2988726,4.7,4.6,3.9,5.4,1.537041631,3.9,5.4,0.4,0.4,1,5.799804688,1,1,0,1,1.526056304,1,1,1,0,0
Mississippi,2017,155,2984100,5.2,5.4,4.5,6.2,1.64754183,4.4,6,0.4,0.4,1,5.099609375,1,1,0,1,1.686398954,1,1,1,0,0
Missouri,1999,51,5561948,0.9,0.9,0.7,1.2,-0.086707867,,,,,0,3.1,0,0,0,0,-0.105360516,0,0,0,0,0
Missouri,2000,79,5595211,1.4,1.4,1.1,1.8,0.344951706,,,,,0,3.3,0,0,0,0,0.336472237,0,0,0,0,0
Missouri,2001,102,5637309,1.8,1.8,1.5,2.2,0.592980896,,,,,0,4.5,0,0,0,0,0.587786665,0,0,0,0,0
Missouri,2002,128,5672579,2.3,2.3,1.9,2.7,0.813801307,,,,,0,5.2,0,0,0,0,0.832909123,0,0,0,0,0
Missouri,2003,228,5704484,4,4,3.5,4.5,1.385508004,,,,,0,5.6,0,0,0,0,1.386294361,0,0,0,0,0
Missouri,2004,203,5754618,3.5,3.6,3.1,4.1,1.260618223,,,,,0,5.8,0,0,0,0,1.280933846,0,0,0,0,0
Missouri,2005,254,5800310,4.4,4.4,3.8,4.9,1.47683781,,,,,0,5.4,0,0,0,0,1.481604541,0,0,0,0,0
Missouri,2006,347,5842713,5.9,6,5.4,6.7,1.781544443,,,,,0,4.8,0,0,0,0,1.791759469,0,0,0,0,0
Missouri,2007,301,5878415,5.1,5.2,4.6,5.7,1.633238004,,,,,0,5.1,0,0,0,0,1.648658626,0,0,0,0,0
Missouri,2008,327,5911605,5.5,5.6,5,6.2,1.71045771,,,,,0,6.1,0,0,0,0,1.722766598,0,0,0,0,0
Missouri,2009,309,5987580,5.2,5.2,4.6,5.7,1.64106886,,,,,0,9.3,0,0,0,0,1.648658626,0,0,0,0,0
Missouri,2010,386,5988927,6.4,6.5,5.9,7.2,1.863340012,,,,,0,9.6,0,0,0,0,1.871802177,0,0,0,0,0
Missouri,2011,336,6010688,5.6,5.7,5.1,6.3,1.720986849,5,6.2,0.3,0.3,0,8.5,0,0,0,0,1.740466175,0,0,0,0,0
Missouri,2012,297,6021988,4.9,5.1,4.5,5.7,1.595729608,4.4,5.5,0.3,0.3,0,6.899414063,0,0,0,0,1.62924054,0,0,0,0,0
Missouri,2013,355,6044171,5.9,6.1,5.4,6.7,1.77043836,5.3,6.5,0.3,0.3,0,6.69921875,0,0,0,0,1.808288771,0,0,0,0,0
Missouri,2014,371,6063589,6.1,6.3,5.6,7,1.811315101,5.5,6.7,0.3,0.3,0.465753425,6.099609375,0,0,0,0,1.840549633,0,0,0.465753425,0,0
Missouri,2015,435,6083672,7.2,7.2,6.5,7.9,1.967152477,6.5,7.8,0.3,0.4,1,5,0,0,0,0,1.974081026,0,0,1,0,0
Missouri,2016,661,6093000,10.8,11.4,10.5,12.3,2.384028176,10,11.7,0.4,0.5,1,4.599609375,0,0,0,0,2.433613355,0,0,1,0,0
Missouri,2017,799,6113532,13.1,13.9,12.9,14.9,2.570271178,12.2,14,0.5,0.5,1,3.799804688,0,0,0,0,2.63188884,0,0,1,0,0
Montana,1999,12,897507,,,0.7,2.4,0.290455916,,,,,0,5.3,0,0,0,0,0.438254931,0,0,0,0,0
Montana,2000,,902195,,,,,,,,,,0,4.8,0,0,0,0,,0,0,0,0,0
Montana,2001,19,905382,,,1.3,3.4,0.741252211,,,,,0,4.5,0,0,0,0,0.854415328,0,0,0,0,0
Montana,2002,17,909453,,,1.1,3,0.62554021,,,,,0,4.5,0,0,0,0,0.717839793,0,0,0,0,0
Montana,2003,40,917621,4.4,4.5,3.2,6.1,1.472265189,,,,,0,4.3,0,0,0,0,1.504077397,0,0,0,0,0
Montana,2004,41,926865,4.4,4.4,3.1,6,1.486934329,,,,,0.161643836,4,0,0,0,0,1.481604541,0,0,0,0,0.161643836
Montana,2005,39,935670,4.2,4,2.9,5.6,1.427468982,,,,,1,3.6,0,0,0,0,1.386294361,0,0,0,0,1
Montana,2006,44,944632,4.7,4.8,3.5,6.5,1.538564386,,,,,1,3.2,0,0,0,0,1.568615918,0,0,0,0,1
Montana,2007,59,957861,6.2,6.1,4.6,7.9,1.818004956,,,,,1,3.3,0,0,0,0,1.808288771,0,0,0,0,1
Montana,2008,65,967440,6.7,7,5.4,9,1.904904048,,,,,1,4.5,0,0,0,0,1.945910149,0,0,0,0,1
Montana,2009,89,974989,9.1,9.5,7.6,11.7,2.211380367,,,,,1,6.3,0,0,0,0,2.251291799,0,0,0,0,1
Montana,2010,54,989415,5.5,6.1,4.5,8,1.697040373,,,,,1,7.2,0,0,0,0,1.808288771,0,0,0,0,1
Montana,2011,61,998199,6.1,6.6,5,8.6,1.810091395,4.7,7.8,0.8,0.9,1,6.899414063,0,0,0,0,1.887069649,0,0,0,0,1
Montana,2012,48,1005141,4.8,4.9,3.6,6.6,1.563488088,3.5,6.3,0.7,0.7,1,6,1,0,0,0,1.589235205,1,0,0,0,1
Montana,2013,59,1015165,5.8,6.3,4.8,8.2,1.75990119,4.4,7.5,0.8,0.8,1,5.399414063,1,0,0,0,1.840549633,1,0,0,0,1
Montana,2014,47,1023579,4.6,4.7,3.4,6.4,1.524257199,3.4,6.1,0.7,0.7,1,4.69921875,1,0,0,0,1.547562509,1,0,0,0,1
Montana,2015,40,1032949,3.9,4.3,3,5.8,1.353876543,2.8,5.3,0.6,0.7,1,4.19921875,1,0,0,0,1.458615023,1,0,0,0,1
Montana,2016,32,1042520,3.1,3.2,2.2,4.6,1.121509951,2.1,4.3,0.5,0.6,1,4.099609375,1,0,0,0,1.16315081,1,0,0,0,1
Montana,2017,28,1050493,2.7,2.7,1.8,3.9,0.980359839,1.8,3.9,0.5,0.5,1,4,1,0,0,0,0.993251773,1,0,0,0,1
Nebraska,1999,,1704764,,,,,,,,,,0,2.8,0,0,0,0,,0,0,0,0,0
Nebraska,2000,14,1711263,,,0.5,1.4,-0.200759458,,,,,0,2.8,0,0,0,0,-0.051293294,0,0,0,0,0
Nebraska,2001,26,1720039,1.5,1.6,1,2.3,0.41316448,,,,,0,3.1,0,0,0,0,0.470003629,0,0,0,0,0
Nebraska,2002,22,1729180,1.3,1.3,0.8,2,0.240810053,,,,,0,3.7,0,0,0,0,0.262364265,0,0,0,0,0
Nebraska,2003,14,1739291,,,0.4,1.3,-0.217005322,,,,,0,4,0,0,0,0,-0.162518929,0,0,0,0,0
Nebraska,2004,25,1747214,1.4,1.5,1,2.2,0.358268213,,,,,0,3.9,0,0,0,0,0.405465108,0,0,0,0,0
Nebraska,2005,41,1758787,2.3,2.4,1.7,3.3,0.846362607,,,,,0,3.9,0,0,0,0,0.875468737,0,0,0,0,0
Nebraska,2006,31,1768331,1.8,1.8,1.2,2.5,0.561365948,,,,,0,3,0,0,0,0,0.587786665,0,0,0,0,0
Nebraska,2007,37,1774571,2.1,2.2,1.5,3.1,0.734774116,,,,,0,2.9,0,0,0,0,0.78845736,0,0,0,0,0
Nebraska,2008,28,1783432,1.6,1.6,1.1,2.3,0.451079819,,,,,0,3.2,0,0,0,0,0.470003629,0,0,0,0,0
Nebraska,2009,60,1796619,3.3,3.5,2.6,4.5,1.205852904,,,,,0,4.8,0,0,0,0,1.252762969,0,0,0,0,0
Nebraska,2010,57,1826341,3.1,3.3,2.5,4.4,1.138151663,,,,,0,4.7,0,0,0,0,1.193922469,0,0,0,0,0
Nebraska,2011,51,1842641,2.8,2.7,2,3.6,1.018040671,2.1,3.6,0.4,0.4,0,4.399414063,0,0,0,0,0.993251773,0,0,0,0,0
Nebraska,2012,50,1855525,2.7,2.9,2.1,3.8,0.991270238,2,3.6,0.4,0.4,0,4,0,0,0,0,1.064710737,0,0,0,0,0
Nebraska,2013,40,1868516,2.1,2.1,1.5,2.9,0.761149828,1.5,2.9,0.3,0.3,0,3.799804688,0,0,0,0,0.741937345,0,0,0,0,0
Nebraska,2014,49,1881503,2.6,2.8,2,3.7,0.95716428,1.9,3.4,0.4,0.4,0,3.299804688,0,0,0,0,1.029619417,0,0,0,0,0
Nebraska,2015,48,1896190,2.5,2.7,2,3.6,0.928769308,1.9,3.4,0.4,0.4,0,3,0,0,0,0,0.993251773,0,0,0,0,0
Nebraska,2016,37,1907116,1.9,2,1.4,2.8,0.662740666,1.4,2.7,0.3,0.3,0,3.099609375,0,0,0,0,0.693147181,0,0,0,0,0
Nebraska,2017,54,1920076,2.8,2.8,2.1,3.7,1.034034185,2.1,3.7,0.4,0.4,0,2.899902344,0.997260274,0,0,0,1.029619417,1,0,0,0,0
Nevada,1999,110,1934718,5.7,5.6,4.6,6.7,1.737933693,,,,,0,4.3,1,0,0,0,1.722766598,0,0,0,0,0
Nevada,2000,126,1998257,6.3,6.2,5.1,7.3,1.841421513,,,,,0,4.5,1,0,0,0,1.824549292,0,0,0,0,0
Nevada,2001,141,2097722,6.7,6.6,5.5,7.7,1.905322803,,,,,0.249315069,5.3,1,0,0,0,1.887069649,0,0,0,0,0.249315069
Nevada,2002,148,2173491,6.8,6.8,5.7,7.9,1.91829255,,,,,1,5.7,1,0,0,0,1.916922612,0,0,0,0,1
Nevada,2003,164,2241154,7.3,7.4,6.3,8.6,1.990290423,,,,,1,5.2,1,0,1,0,2.00148,0,0,0,0,1
Nevada,2004,186,2334771,8,8,6.8,9.1,2.075247767,,,,,1,4.4,1,0,1,0,2.079441542,0,1,0,0,1
Nevada,2005,250,2414807,10.4,10.3,9,11.6,2.337256458,,,,,1,4.5,1,0,1,0,2.332143895,0,1,0,0,1
Nevada,2006,262,2495529,10.5,10.4,9.1,11.7,2.35125868,,,,,1,4.2,1,0,1,0,2.341805806,0,1,0,0,1
Nevada,2007,305,2565382,11.9,11.7,10.4,13.1,2.475619288,,,,,1,4.6,1,0,1,0,2.459588842,0,1,0,0,1
Nevada,2008,318,2600167,12.2,12.1,10.7,13.4,2.503890616,,,,,1,6.7,1,0,1,0,2.493205453,0,1,0,0,1
Nevada,2009,381,2643085,14.4,14.1,12.7,15.6,2.668267487,,,,,1,12.5,1,0,1,0,2.646174797,0,1,0,0,1
Nevada,2010,389,2700551,14.4,14,12.6,15.4,2.667538424,,,,,1,14.9,1,0,1,0,2.63905733,0,1,0,0,1
Nevada,2011,387,2723322,14.2,13.8,12.4,15.2,2.653987141,12.8,15.6,0.7,0.7,1,13,1,0,1,0,2.624668592,1,1,0,0,1
Nevada,2012,377,2758931,13.7,13.1,11.7,14.4,2.614816809,12.3,15,0.7,0.7,1,11.19921875,1,0,1,0,2.57261223,1,1,0,0,1
Nevada,2013,315,2790136,11.3,10.8,9.6,12,2.423897206,10,12.5,0.6,0.6,1,9.599609375,1,0,1,0,2.379546134,1,1,0,0,1
Nevada,2014,287,2839099,10.1,9.6,8.5,10.7,2.313410374,8.9,11.3,0.6,0.6,1,7.899414063,1,0,1,0,2.261763099,1,1,0,0,1
Nevada,2015,316,2890845,10.9,10.4,9.3,11.6,2.391608274,9.7,12.1,0.6,0.6,1,6.799804688,1,0,1,0,2.341805806,1,1,0,0,1
Nevada,2016,304,2940058,10.3,9.8,8.7,10.9,2.336013299,9.2,11.5,0.6,0.6,1,5.69921875,1,0,1,0,2.282382386,1,1,0,0,1
Nevada,2017,315,2998039,10.5,10,8.9,11.1,2.352029138,9.3,11.7,0.6,0.6,1,5,1,0,1,0,2.302585093,1,1,0,0.997260274,0.002739726
New Hampshire,1999,25,1222014,2,1.9,1.3,2.9,0.715790415,,,,,0,2.8,0,0,0,0,0.641853886,0,0,0,0,0
New Hampshire,2000,17,1235786,,,0.8,2.1,0.318921046,,,,,0,2.7,0,0,0,0,0.371563556,0,0,0,0,0
New Hampshire,2001,30,1259359,2.4,2.3,1.5,3.2,0.868009427,,,,,0,3.4,0,0,0,0,0.832909123,0,0,0,0,0
New Hampshire,2002,48,1275056,3.8,3.6,2.7,4.8,1.325625819,,,,,0,4.5,0,0,0,0,1.280933846,0,0,0,0,0
New Hampshire,2003,62,1287689,4.8,4.6,3.5,5.9,1.571700153,,,,,0,4.5,0,0,0,0,1.526056304,0,0,0,0,0
New Hampshire,2004,59,1299500,4.5,4.4,3.4,5.7,1.512972776,,,,,0,3.9,0,0,0,0,1.481604541,0,0,0,0,0
New Hampshire,2005,75,1309940,5.7,5.5,4.3,6.9,1.744921686,,,,,0,3.6,0,0,0,0,1.704748092,0,0,0,0,0
New Hampshire,2006,79,1314895,6,5.9,4.6,7.3,1.793105945,,,,,0,3.5,0,0,0,0,1.774952351,0,0,0,0,0
New Hampshire,2007,117,1315828,8.9,8.5,6.9,10.1,2.185122717,,,,,0,3.5,0,0,0,0,2.140066164,0,0,0,0,0
New Hampshire,2008,74,1315809,5.6,5.3,4.2,6.7,1.727028315,,,,,0,3.9,0,0,0,0,1.667706821,0,0,0,0,0
New Hampshire,2009,97,1324575,7.3,7.2,5.8,8.8,1.991034232,,,,,0,6.3,0,0,0,0,1.974081026,0,0,0,0,0
New Hampshire,2010,100,1316470,7.6,7.5,6,9,2.027631181,,,,,0,6.1,0,0,0,0,2.014903021,0,0,0,0,0
New Hampshire,2011,111,1318194,8.4,8,6.4,9.5,2.13068249,6.9,10,0.8,0.8,0,,0,0,0,0,2.079441542,0,0,0,0,0
New Hampshire,2012,87,1320718,6.6,6.5,5.2,8.1,1.885147498,5.3,8.1,0.7,0.7,0,,0,0,0,0,1.871802177,0,0,0,0,0
New Hampshire,2013,94,1323459,7.1,6.7,5.4,8.3,1.960460926,5.7,8.7,0.7,0.7,0.44109589,,0,0,0,0,1.902107526,0,0,0,0,0.44109589
New Hampshire,2014,233,1326813,17.6,18.2,15.8,20.6,2.865673535,15.3,19.8,1.2,1.2,1,,0.249315069,0,0,0,2.901421594,1,0,0,0,1
New Hampshire,2015,339,1330608,25.5,27.9,24.9,30.9,3.237779034,22.8,28.2,1.4,1.6,1,,1,0,0,0,3.328626689,1,0,0,0,1
New Hampshire,2016,423,1334795,31.7,34.6,31.2,38,3.456009364,28.7,34.7,1.5,1.7,1,,1,0,0,0,3.543853682,1,0,0,0,1
New Hampshire,2017,415,1342795,30.9,33.3,30,36.6,3.430940165,27.9,33.9,1.5,1.7,1,,1,0,0,0,3.505557397,1,0,0,0,1
New Jersey,1999,132,8359592,1.6,1.5,1.3,1.8,0.456807208,,,,,0,4.5,0,0,0,0,0.405465108,0,0,0,0,0
New Jersey,2000,107,8414350,1.3,1.2,1,1.5,0.24030516,,,,,0,3.7,0,0,0,0,0.182321557,0,0,0,0,0
New Jersey,2001,142,8511119,1.7,1.6,1.4,1.9,0.511868538,,,,,0,4.3,0,0,0,0,0.470003629,0,0,0,0,0
New Jersey,2002,155,8590303,1.8,1.8,1.5,2.1,0.590206015,,,,,0,5.8,0,0,0,0,0.587786665,0,0,0,0,0
New Jersey,2003,182,8638396,2.1,2.1,1.8,2.4,0.745204677,,,,,0,5.9,0,0,0,0,0.741937345,0,0,0,0,0
New Jersey,2004,148,8698879,1.7,1.7,1.4,2,0.531433014,,,,,0,4.9,0,0,0,0,0.530628251,0,0,0,0,0
New Jersey,2005,204,8717925,2.3,2.3,2,2.7,0.85015365,,,,,0,4.5,0,0,0,0,0.832909123,0,0,0,0,0
New Jersey,2006,221,8724560,2.5,2.5,2.2,2.8,0.929435572,,,,,0,4.6,0,0,0,0,0.916290732,0,0,0,0,0
New Jersey,2007,214,8685920,2.5,2.4,2.1,2.8,0.901687598,,,,,0,4.3,0,0,0,0,0.875468737,0,0,0,0,0
New Jersey,2008,182,8682661,2.1,2.1,1.8,2.4,0.740093546,,,,,0,5.5,0,0,0,0,0.741937345,0,0,0,0,0
New Jersey,2009,22,8707739,0.3,0.3,0.2,0.4,-1.37575481,,,,,0,9.1,0,0,0,0,-1.203972804,0,0,0,0,0
New Jersey,2010,232,8791894,2.6,2.6,2.3,3,0.970322118,,,,,0,9.5,0,0,0,0,0.955511445,0,0,0,0,0
New Jersey,2011,286,8821155,3.2,3.2,2.8,3.6,1.176253904,2.9,3.6,0.2,0.2,0,9.298828125,0,0,0,0,1.16315081,0,0,0,0,0
New Jersey,2012,300,8864590,3.4,3.3,2.9,3.7,1.219132693,3,3.8,0.2,0.2,0.394520548,9.298828125,1,0,0,0,1.193922469,1,0,0,0,0.394520548
New Jersey,2013,318,8899339,3.6,3.5,3.1,3.9,1.273489286,3.2,4,0.2,0.2,1,8.19921875,1,0,0,0,1.252762969,1,0,0,0,1
New Jersey,2014,368,8938175,4.1,4.1,3.6,4.5,1.415166416,3.7,4.5,0.2,0.2,1,6.799804688,1,0,0,0,1.410986974,1,0,0,0,1
New Jersey,2015,472,8958013,5.3,5.2,4.7,5.7,1.661845454,4.8,5.7,0.2,0.2,1,5.799804688,1,0,0,0,1.648658626,1,1,0,0,1
New Jersey,2016,980,8944469,11,11.1,10.4,11.8,2.393932126,10.3,11.6,0.3,0.4,1,5,1,0,0,0,2.406945108,1,1,0,0,1
New Jersey,2017,1632,9005644,18.1,18.2,17.3,19.1,2.897124951,17.2,19,0.4,0.5,1,4.599609375,1,0,0,0,2.901421594,1,1,0,0,1
New Mexico,1999,154,1808082,8.5,8.7,7.3,10.1,2.142100895,,,,,0,5.6,0,0,0,0,2.163323026,0,0,0,0,0
New Mexico,2000,134,1819046,7.4,7.5,6.2,8.7,1.996942519,,,,,0,5,0,0,0,0,2.014903021,0,0,0,0,0
New Mexico,2001,118,1830935,6.4,6.6,5.4,7.7,1.863272766,,,,,0,4.9,0,0,0,0,1.887069649,0,0,0,0,0
New Mexico,2002,170,1855059,9.2,9.5,8.1,11,2.215296843,,,,,0,5.5,0,0,1,0,2.251291799,0,1,0,0,0
New Mexico,2003,187,1874614,10,10.4,8.9,11.9,2.300120752,,,,,0,5.9,0,0,1,0,2.341805806,0,1,0,0,0
New Mexico,2004,146,1903289,7.7,7.8,6.6,9.1,2.037438087,,,,,0,5.8,0,0,1,0,2.054123734,0,1,0,0,0
New Mexico,2005,164,1928384,8.5,8.8,7.4,10.1,2.140598988,,,,,0,5.2,1,0,1,0,2.174751722,1,1,0,0,0
New Mexico,2006,222,1954599,11.4,11.6,10,13.1,2.429907232,,,,,0,4.1,1,0,1,0,2.451005098,1,1,0,0,0
New Mexico,2007,231,1969915,11.7,11.8,10.3,13.3,2.461842223,,,,,0.501369863,3.4,1,0,1,0,2.468099532,1,1,0,0,0.501369863
New Mexico,2008,255,1984356,12.9,13.2,11.6,14.9,2.553384024,,,,,1,4.5,1,0,1,0,2.58021683,1,1,0,0,1
New Mexico,2009,150,2009671,7.5,7.7,6.5,9,2.010079174,,,,,1,7,1,0,1,0,2.041220329,1,1,0,0,1
New Mexico,2010,153,2059179,7.4,7.5,6.3,8.7,2.005545469,,,,,1,8.4,1,0,1,0,2.014903021,1,1,0,0,1
New Mexico,2011,166,2082224,8,8.1,6.8,9.3,2.075966142,6.8,9.2,0.6,0.6,1,7.5,1,0,1,0,2.091864062,1,1,0,0,1
New Mexico,2012,226,2085538,10.8,11.4,9.9,12.9,2.382923051,9.4,12.2,0.7,0.8,1,7.099609375,1,0,1,0,2.433613355,1,1,0,0,1
New Mexico,2013,242,2085287,11.6,11.9,10.3,13.4,2.451446138,10.1,13.1,0.7,0.8,1,6.899414063,1,0,1,0,2.4765384,1,1,0,0,1
New Mexico,2014,290,2085572,13.9,14.5,12.7,16.2,2.632252672,12.3,15.5,0.8,0.9,1,6.69921875,1,0,1,0,2.674148649,1,1,0,0,1
New Mexico,2015,211,2085109,10.1,10.7,9.2,12.1,2.314451908,8.8,11.5,0.7,0.8,1,6.5,1,0,1,0,2.370243742,1,1,0,0,1
New Mexico,2016,239,2081015,11.5,11.9,10.4,13.5,2.441022704,10,12.9,0.7,0.8,1,6.69921875,1,0,1,0,2.4765384,1,1,0,0,1
New Mexico,2017,228,2088070,10.9,11.4,9.9,12.9,2.390520342,9.5,12.3,0.7,0.8,1,6.19921875,1,0,1,0,2.433613355,1,1,0,0,1
New York,1999,179,18882725,0.9,1,0.8,1.1,-0.05344677,,,,,0,5.2,0,0,0,0,0,0,0,0,0,0
New York,2000,135,18976457,0.7,0.7,0.6,0.8,-0.34050942,,,,,0,4.5,0,0,0,0,-0.356674944,0,0,0,0,0
New York,2001,209,19084350,1.1,1.1,0.9,1.2,0.090880532,,,,,0,4.9,0,0,0,0,0.09531018,0,0,0,0,0
New York,2002,194,19157532,1,1,0.8,1.1,0.012577112,,,,,0,6.2,0,0,0,0,0,0,0,0,0,0
New York,2003,221,19190115,1.2,1.1,1,1.3,0.141182306,,,,,0,6.4,0,0,0,0,0.09531018,0,0,0,0,0
New York,2004,215,19227088,1.1,1.1,0.9,1.2,0.111732817,,,,,0,5.8,0,0,0,0,0.09531018,0,0,0,0,0
New York,2005,273,19254630,1.4,1.4,1.2,1.5,0.349135151,,,,,0,5,0,0,0,0,0.336472237,0,0,0,0,0
New York,2006,664,19306183,3.4,3.4,3.1,3.6,1.235271649,,,,,0,4.6,0,0,1,0,1.223775432,0,1,0,0,0
New York,2007,708,19297729,3.7,3.6,3.3,3.8,1.29987158,,,,,0,4.5,0,0,1,0,1.280933846,0,1,0,0,0
New York,2008,769,19490297,3.9,3.8,3.5,4.1,1.372589125,,,,,0,5.3,0,0,1,0,1.335001067,0,1,0,0,0
New York,2009,751,19541453,3.8,3.7,3.5,4,1.346282555,,,,,0,8.4,0,0,1,0,1.30833282,0,1,0,0,0
New York,2010,850,19378102,4.4,4.3,4,4.5,1.478507591,,,,,0,8.6,0,0,1,0,1.458615023,0,1,0,0,0
New York,2011,970,19465197,5,4.8,4.5,5.1,1.606082877,4.7,5.3,0.2,0.2,0,8.298828125,0,0,1,0,1.568615918,0,1,0,0,0
New York,2012,994,19570261,5.1,4.9,4.6,5.2,1.625140996,4.8,5.4,0.2,0.2,0,8.5,0,0,1,0,1.589235205,0,1,0,0,0
New York,2013,998,19651127,5.1,4.9,4.6,5.2,1.625033493,4.8,5.4,0.2,0.2,0,7.69921875,0.583561644,0,1,0,1.589235205,1,1,0,0,0
New York,2014,1008,19746227,5.1,4.9,4.6,5.2,1.630175921,4.8,5.4,0.2,0.2,0.490410959,6.299804688,1,0,1,0,1.589235205,1,1,0,0,0.490410959
New York,2015,1388,19795791,7,6.9,6.5,7.2,1.947564709,6.6,7.4,0.2,0.2,1,5.299804688,1,0,1,0,1.931521412,1,1,0,0,1
New York,2016,2336,19745289,11.8,11.7,11.2,12.2,2.47069532,11.4,12.3,0.2,0.2,1,4.799804688,1,0,1,0,2.459588842,1,1,0,0,1
New York,2017,2801,19849399,14.1,13.9,13.4,14.5,2.646972953,13.6,14.6,0.3,0.3,1,4.69921875,1,0,1,0,2.63188884,1,1,0,0,1
North Carolina,1999,118,7949361,1.5,1.5,1.2,1.7,0.395007983,,,,,0,3.3,0,0,0,0,0.405465108,0,0,0,0,0
North Carolina,2000,241,8049313,3,3,2.6,3.3,1.096625094,,,,,0,3.7,0,0,0,0,1.098612289,0,0,0,0,0
North Carolina,2001,295,8206105,3.6,3.6,3.2,4,1.279511874,,,,,0,5.6,0,0,0,0,1.280933846,0,0,0,0,0
North Carolina,2002,352,8320146,4.2,4.2,3.8,4.7,1.44236628,,,,,0,6.6,0,0,1,0,1.435084525,0,1,0,0,0
North Carolina,2003,432,8407248,5.1,5.1,4.6,5.6,1.636746304,,,,,0,6.5,0,0,1,0,1.62924054,0,1,0,0,0
North Carolina,2004,503,8541221,5.9,5.9,5.4,6.4,1.773101105,,,,,0,5.5,0,0,1,0,1.774952351,0,1,0,0,0
North Carolina,2005,588,8683242,6.8,6.7,6.2,7.2,1.912746894,,,,,0,5.3,0,0,1,0,1.902107526,0,1,0,0,0
North Carolina,2006,640,8856505,7.2,7.2,6.6,7.7,1.977730866,,,,,0,4.8,0,0,1,0,1.974081026,0,1,0,0,0
North Carolina,2007,696,9061032,7.7,7.7,7.1,8.2,2.038781547,,,,,0,4.7,1,0,1,0,2.041220329,1,1,0,0,0
North Carolina,2008,768,9222414,8.3,8.3,7.7,8.9,2.119567815,,,,,0,6.2,1,0,1,0,2.116255515,1,1,0,0,0
North Carolina,2009,782,9380884,8.3,8.4,7.8,9,2.120595646,,,,,0,10.8,1,0,1,0,2.128231706,1,1,0,0,0
North Carolina,2010,727,9535483,7.6,7.6,7,8.1,2.031321491,,,,,0,10.6,1,0,1,0,2.028148247,1,1,0,0,0
North Carolina,2011,739,9656401,7.7,7.7,7.1,8.2,2.035091816,7.1,8.2,0.3,0.3,0,10.29882813,1,0,1,0,2.041220329,1,1,0,0,0
North Carolina,2012,666,9752073,6.8,6.8,6.3,7.4,1.9212247,6.3,7.3,0.3,0.3,0,9.298828125,1,0,1,0,1.916922612,1,1,0,0,0
North Carolina,2013,635,9848060,6.4,6.5,6,7.1,1.863765424,5.9,6.9,0.3,0.3,0,8,1,0,1,0,1.871802177,1,1,0,0,0
North Carolina,2014,744,9943964,7.5,7.6,7.1,8.2,2.012490208,6.9,8,0.3,0.3,0.495890411,6.299804688,1,0,1,0,2.028148247,1,1,0.495890411,0,0
North Carolina,2015,864,10042802,8.6,8.7,8.2,9.3,2.152131517,8,9.2,0.3,0.3,1,5.69921875,1,0,1,0,2.163323026,1,1,1,0,0
North Carolina,2016,1161,10146788,11.4,11.8,11.1,12.5,2.437294687,10.8,12.1,0.3,0.4,1,5.099609375,1,0,1,0,2.468099532,1,1,1,0,0
North Carolina,2017,1701,10273419,16.6,17.2,16.4,18,2.80682662,15.8,17.3,0.4,0.4,1,4.599609375,1,0,1,0,2.844909384,1,1,1,0,0
North Dakota,1999,,644259,,,,,,,,,,0,3.2,0,0,0,0,,0,0,0,0,0
North Dakota,2000,,642200,,,,,,,,,,0,2.9,0,0,0,0,,0,0,0,0,0
North Dakota,2001,,636550,,,,,,,,,,0,2.8,0,0,0,0,,0,0,0,0,0
North Dakota,2002,14,634110,,,1.2,3.7,0.792005075,,,,,0,3.5,0,0,0,0,0.896088025,0,0,0,0,0
North Dakota,2003,,633840,,,,,,,,,,0,3.6,0,0,0,0,,0,0,0,0,0
North Dakota,2004,12,634366,,,0.9,3.2,0.637450761,,,,,0,3.5,0,0,0,0,0.717839793,0,0,0,0,0
North Dakota,2005,,636677,,,,,,,,,,0,3.4,0,0,0,0,,0,0,0,0,0
North Dakota,2006,,635867,,,,,,,,,,0,3.2,0,0,0,0,,0,0,0,0,0
North Dakota,2007,12,639715,,,0.9,3.1,0.629054071,,,,,0,3.1,0,0,0,0,0.693147181,0,0,0,0,0
North Dakota,2008,19,641481,,,1.8,4.8,1.0858296,,,,,0,3.1,0.249315069,0,0,0,1.193922469,1,0,0,0,0
North Dakota,2009,,646844,,,,,,,,,,0,4.3,1,0,0,0,,1,0,0,0,0
North Dakota,2010,13,672591,,,1,3.4,0.658982125,,,,,0,3.9,1,0,0,0,0.78845736,1,0,0,0,0
North Dakota,2014,27,739482,3.7,4,2.6,5.9,1.295057111,2.4,5.3,0.7,0.8,0,2.699707031,1,0,1,0,1.386294361,1,1,0,0,0
North Dakota,2015,22,756927,2.9,3.1,1.9,4.8,1.066945824,1.8,4.4,0.6,0.7,0,2.799804688,1,0,1,0,1.131402112,1,1,0,0,0
North Dakota,2016,36,757952,4.7,5,3.5,7,1.558069065,3.3,6.6,0.8,0.9,0,3.099609375,1,0,1,0,1.609437912,1,1,0,0,0
North Dakota,2017,26,755393,3.4,3.6,2.3,5.3,1.23602858,2.2,5,0.7,0.7,0.704109589,2.599609375,1,0,1,0,1.280933846,1,1,0,0,0.704109589
Ohio,1999,99,11335454,0.9,0.9,0.7,1.1,-0.135400579,,,,,0,4.3,0,0,0,0,-0.105360516,0,0,0,0,0
Ohio,2000,152,11353140,1.3,1.3,1.1,1.6,0.29180107,,,,,0,4,0,0,0,0,0.262364265,0,0,0,0,0
Ohio,2001,222,11389786,1.9,2,1.7,2.2,0.6673753,,,,,0,4.4,0,0,0,0,0.693147181,0,0,0,0,0
Ohio,2002,285,11421268,2.5,2.5,2.2,2.8,0.914426856,,,,,0,5.7,0,0,0,0,0.916290732,0,0,0,0,0
Ohio,2003,260,11435799,2.3,2.3,2,2.6,0.82134784,,,,,0,6.2,0,0,0,0,0.832909123,0,0,0,0,0
Ohio,2004,375,11459011,3.3,3.2,2.9,3.6,1.185564526,,,,,0,6.1,0,0,0,0,1.16315081,0,0,0,0,0
Ohio,2005,418,11464042,3.6,3.6,3.3,4,1.293680985,,,,,0,5.9,0,0,0,0,1.280933846,0,0,0,0,0
Ohio,2006,503,11478006,4.4,4.4,4,4.8,1.477572395,,,,,0,5.4,1,0,0,0,1.481604541,1,0,0,0,0
Ohio,2007,532,11466917,4.6,4.6,4.2,5,1.53459229,,,,,0,5.6,1,0,0,0,1.526056304,1,0,0,0,0
Ohio,2008,568,11485910,4.9,5,4.6,5.4,1.598415259,,,,,0,6.6,1,0,0,0,1.609437912,1,0,0,0,0
Ohio,2009,461,11542645,4,4,3.7,4.4,1.384764512,,,,,0,10.1,1,0,0,0,1.386294361,1,0,0,0,0
Ohio,2010,757,11536504,6.6,6.7,6.2,7.1,1.881261892,,,,,0,10.1,1,0,0,0,1.902107526,1,0,0,0,0
Ohio,2011,817,11544951,7.1,7.2,6.7,7.7,1.956805803,6.6,7.6,0.2,0.3,0,8.798828125,1,1,0,1,1.974081026,1,0,0,0,0
Ohio,2012,695,11544225,6,6.2,5.7,6.7,1.795141441,5.6,6.5,0.2,0.2,0,7.399414063,1,1,0,1,1.824549292,1,0,0,0,0
Ohio,2013,730,11570808,6.3,6.4,5.9,6.8,1.841974067,5.9,6.8,0.2,0.2,0,7.5,1,1,0,1,1.85629799,1,0,0,0,0
Ohio,2014,1171,11594163,10.1,10.5,9.9,11.1,2.312526489,9.5,10.7,0.3,0.3,0,5.799804688,1,1,0,1,2.351375257,1,0,0,0,0
Ohio,2015,1796,11613423,15.5,16.4,15.6,17.1,2.738570572,14.7,16.2,0.4,0.4,0,4.899414063,1,1,0,1,2.797281335,1,0,0,0,0
Ohio,2016,2868,11614373,24.7,26.2,25.2,27.1,3.206541726,23.8,25.6,0.5,0.5,0.312328767,5,1,1,0,1,3.265759411,1,0,0,0,0.312328767
Ohio,2017,3952,11658609,33.9,36.2,35,37.3,3.523347089,32.8,35,0.5,0.6,1,5,1,1,0,1,3.589059119,1,0,0,0,1
Oklahoma,1999,85,3437147,2.5,2.6,2,3.2,0.905424397,,,,,0,3.6,0,0,1,0,0.955511445,0,0,0,0,0
Oklahoma,2000,117,3450654,3.4,3.5,2.9,4.2,1.221025064,,,,,0,3.1,0,0,1,0,1.252762969,0,0,0,0,0
Oklahoma,2001,147,3469577,4.2,4.4,3.7,5.1,1.443814809,,,,,0,3.7,0,0,1,0,1.481604541,0,0,0,0,0
Oklahoma,2002,137,3493714,3.9,4,3.3,4.7,1.366430479,,,,,0,4.8,0,0,1,0,1.386294361,0,0,0,0,0
Oklahoma,2003,248,3511532,7.1,7.3,6.4,8.2,1.954791244,,,,,0,5.6,0,0,1,0,1.987874348,0,0,0,0,0
Oklahoma,2004,300,3523553,8.5,8.7,7.7,9.7,2.141727526,,,,,0,5,0,0,1,0,2.163323026,0,0,0,0,0
Oklahoma,2005,306,3547884,8.6,8.7,7.7,9.7,2.15464864,,,,,0,4.5,0,0,1,0,2.163323026,0,0,0,0,0
Oklahoma,2006,372,3579212,10.4,10.8,9.7,11.9,2.341166097,,,,,0,4.1,1,0,1,0,2.379546134,1,0,0,0,0
Oklahoma,2007,483,3617316,13.4,13.7,12.5,14.9,2.591699246,,,,,0,4.1,1,0,1,0,2.617395833,1,1,0,0,0
Oklahoma,2008,399,3642361,11,11.2,10.1,12.4,2.393744226,,,,,0,3.7,1,0,1,0,2.415913778,1,1,0,0,0
Oklahoma,2009,547,3687050,14.8,15.2,13.9,16.5,2.697037029,,,,,0,6.6,1,0,1,0,2.721295428,1,1,0,0,0
Oklahoma,2010,500,3751351,13.3,13.6,12.4,14.8,2.589906964,,,,,0,7.1,1,0,1,0,2.610069793,1,1,0,0,0
Oklahoma,2011,456,3791508,12,12.3,11.1,13.4,2.487143887,10.9,13.1,0.6,0.6,0,5.899414063,1,0,1,0,2.509599262,1,1,0,0,0
Oklahoma,2012,505,3814820,13.2,13.4,12.3,14.6,2.583079855,12.1,14.4,0.6,0.6,0,5.19921875,1,0,1,0,2.595254707,1,1,0,0,0
Oklahoma,2013,482,3850568,12.5,12.6,11.5,13.8,2.527138351,11.4,13.6,0.6,0.6,0,5.299804688,1,0,1,0,2.533696814,1,1,0,0,0
Oklahoma,2014,471,3878051,12.1,12.2,11.1,13.4,2.496940293,11,13.2,0.6,0.6,0,4.5,1,0,1,0,2.501435952,1,1,0,0,0
Oklahoma,2015,388,3911338,9.9,10.1,9.1,11.1,2.294540732,8.9,10.9,0.5,0.5,0.671232877,4.399414063,1,0,1,0,2.312535424,1,1,0.671232877,0,0
Oklahoma,2016,392,3923561,10,10.2,9.2,11.3,2.301677087,9,11,0.5,0.5,1,4.799804688,1,0,1,0,2.32238772,1,1,1,0,0
Oklahoma,2017,325,3930864,8.3,8.6,7.7,9.6,2.11238084,7.4,9.2,0.5,0.5,1,4.299804688,1,0,1,0,2.151762203,1,1,1,0,0
Oregon,1999,40,3393941,1.2,1.2,0.8,1.6,0.164302578,,,,,1,5.5,0,0,0,0,0.182321557,0,0,0,0,1
Oregon,2000,57,3421399,1.7,1.7,1.3,2.2,0.510416643,,,,,1,5.1,0,0,0,0,0.530628251,0,0,0,0,1
Oregon,2001,96,3473441,2.8,2.7,2.2,3.3,1.016617353,,,,,1,6.4,0,0,0,0,0.993251773,0,0,0,0,1
Oregon,2002,137,3521515,3.9,3.8,3.2,4.5,1.358504538,,,,,1,7.6,0,0,0,0,1.335001067,0,0,0,0,1
Oregon,2003,169,3559596,4.7,4.6,3.9,5.3,1.557666567,,,,,1,8.1,0,0,0,0,1.526056304,0,0,0,0,1
Oregon,2004,170,3594586,4.7,4.6,3.9,5.3,1.55378452,,,,,1,7.3,0,0,0,0,1.526056304,0,0,0,0,1
Oregon,2005,207,3641056,5.7,5.5,4.8,6.3,1.737859951,,,,,1,6.2,0,0,0,0,1.704748092,0,0,0,0,1
Oregon,2006,280,3700758,7.6,7.3,6.5,8.2,2.023666847,,,,,1,5.3,0,0,0,0,1.987874348,0,0,0,0,1
Oregon,2007,235,3747455,6.3,6,5.2,6.8,1.835923478,,,,,1,5.2,0,0,0,0,1.791759469,0,0,0,0,1
Oregon,2008,224,3790060,5.9,5.7,5,6.5,1.776679109,,,,,1,6.5,0,0,1,0,1.740466175,0,1,0,0,1
Oregon,2009,245,3825657,6.4,6.2,5.4,7,1.8569429,,,,,1,11.1,0,0,1,0,1.824549292,0,1,0,0,1
Oregon,2010,245,3831074,6.4,6.3,5.5,7.1,1.855527936,,,,,1,10.8,0,0,1,0,1.840549633,0,1,0,0,1
Oregon,2011,256,3871859,6.6,6.5,5.7,7.4,1.888857598,5.8,7.4,0.4,0.4,1,9.5,1,0,1,0,1.871802177,1,1,0,0,1
Oregon,2012,232,3899353,5.9,5.8,5,6.5,1.783341637,5.2,6.7,0.4,0.4,1,8.798828125,1,0,1,0,1.757857918,1,1,0,0,1
Oregon,2013,187,3930065,4.8,4.6,3.9,5.2,1.559867559,4.1,5.4,0.3,0.3,1,7.899414063,1,0,1,0,1.526056304,1,1,0,0,1
Oregon,2014,214,3970239,5.4,5.1,4.4,5.8,1.684564628,4.7,6.1,0.4,0.4,1,6.799804688,1,0,1,0,1.62924054,1,1,0,0,1
Oregon,2015,228,4028977,5.7,5.4,4.7,6.1,1.733248038,4.9,6.4,0.4,0.4,1,5.599609375,1,0,1,0,1.686398954,1,1,0,0.501369863,0.498630137
Oregon,2016,198,4093465,4.8,4.7,4,5.4,1.576290138,4.2,5.5,0.3,0.3,1,4.799804688,1,0,1,0,1.547562509,1,1,0,1,0
Oregon,2017,218,4142776,5.3,5.2,4.5,5.9,1.660543875,4.6,6,0.4,0.4,1,4.099609375,1,0,1,0,1.648658626,1,1,0,1,0
Pennsylvania,1999,105,12263805,0.9,0.9,0.7,1,-0.155276984,,,,,0,4.4,0,0,0,0,-0.105360516,0,0,0,0,0
Pennsylvania,2000,138,12281054,1.1,1.2,1,1.4,0.116610843,,,,,0,4.2,0,0,0,0,0.182321557,0,0,0,0,0
Pennsylvania,2001,109,12303104,0.9,0.9,0.7,1.1,-0.121088799,,,,,0,4.8,0,0,0,0,-0.105360516,0,0,0,0,0
Pennsylvania,2002,158,12335091,1.3,1.3,1.1,1.5,0.247561813,,,,,0,5.6,0,0,0,0,0.262364265,0,0,0,0,0
Pennsylvania,2003,249,12365459,2,2.1,1.8,2.3,0.699960782,,,,,0,5.7,0,0,0,0,0.741937345,0,0,0,0,0
Pennsylvania,2004,307,12406292,2.5,2.5,2.2,2.8,0.906058891,,,,,0,5.4,0,0,0,0,0.916290732,0,0,0,0,0
Pennsylvania,2005,314,12429616,2.5,2.6,2.3,2.9,0.926725881,,,,,0,5,0,0,0,0,0.955511445,0,0,0,0,0
Pennsylvania,2006,301,12440621,2.4,2.5,2.2,2.8,0.883558166,,,,,0,4.5,0,0,0,0,0.916290732,0,0,0,0,0
Pennsylvania,2007,381,12432792,3.1,3.1,2.8,3.4,1.119876784,,,,,0,4.3,0,0,0,0,1.131402112,0,0,0,0,0
Pennsylvania,2008,425,12448279,3.4,3.4,3.1,3.8,1.227921696,,,,,0,5.3,0,0,0,0,1.223775432,0,0,0,0,0
Pennsylvania,2009,455,12604767,3.6,3.7,3.3,4,1.28363725,,,,,0,8,0,0,0,0,1.30833282,0,0,0,0,0
Pennsylvania,2010,487,12702379,3.8,3.9,3.6,4.3,1.343889731,,,,,0,8.7,0,0,0,0,1.360976553,0,0,0,0,0
Pennsylvania,2011,470,12742886,3.7,3.8,3.4,4.1,1.305174447,3.4,4,0.2,0.2,0,7.899414063,0,0,0,0,1.335001067,0,0,0,0,0
Pennsylvania,2012,497,12763536,3.9,4,3.7,4.4,1.359412578,3.6,4.2,0.2,0.2,0,7.799804688,0,0,0,0,1.386294361,0,0,0,0,0
Pennsylvania,2013,537,12773801,4.2,4.3,3.9,4.7,1.436016725,3.8,4.6,0.2,0.2,0,7.399414063,0,0,0,0,1.458615023,0,0,0,0,0
Pennsylvania,2014,638,12787209,5,5.1,4.7,5.5,1.607307816,4.6,5.4,0.2,0.2,0,5.899414063,0,0,0,0,1.62924054,0,0,0,0,0
Pennsylvania,2015,853,12802503,6.7,6.9,6.4,7.4,1.896533756,6.2,7.1,0.2,0.2,0,5.299804688,0,0,0,0,1.931521412,0,0,0,0,0
Pennsylvania,2016,1786,12784227,14,14.8,14.1,15.5,2.636936523,13.3,14.6,0.3,0.4,0.64109589,5.399414063,0.416438356,0,0,0,2.694627181,1,0,0,0,0.64109589
Pennsylvania,2017,2302,12805537,18,19.2,18.4,20,2.889070841,17.2,18.7,0.4,0.4,1,4.899414063,1,0,0,0,2.954910279,1,0,0,0,1
Rhode Island,1999,,1040402,,,,,,,,,,0,4.2,0,0,0,0,,0,0,0,0,0
Rhode Island,2000,16,1048319,,,0.9,2.5,0.4228157,,,,,0,4.2,0,0,0,0,0.530628251,0,0,0,0,0
Rhode Island,2001,25,1059659,2.4,2.3,1.5,3.4,0.858343574,,,,,0,4.5,0,0,0,0,0.832909123,0,0,0,0,0
Rhode Island,2002,24,1069725,2.2,2.2,1.4,3.3,0.808067131,,,,,0,5.1,0,0,0,0,0.78845736,0,0,0,0,0
Rhode Island,2003,41,1076166,3.8,3.8,2.7,5.1,1.337582249,,,,,0,5.4,0,0,0,0,1.335001067,0,0,0,0,0
Rhode Island,2004,36,1080632,3.3,3.3,2.3,4.6,1.20338779,,,,,0,5.2,0,0,0,0,1.193922469,0,0,0,0,0
Rhode Island,2005,57,1076189,5.3,5.2,3.9,6.7,1.667040078,,,,,0,5.1,0,0,0,0,1.648658626,0,0,0,0,0
Rhode Island,2006,75,1067610,7,6.9,5.4,8.7,1.949480515,,,,,0.991780822,5.1,0,0,0,0,1.931521412,0,0,0,0,0.991780822
Rhode Island,2007,48,1057832,4.5,4.4,3.2,5.9,1.512394387,,,,,1,5.3,0,0,0,0,1.481604541,0,0,0,0,1
Rhode Island,2008,65,1050788,6.2,6,4.6,7.7,1.822261818,,,,,1,7.7,0,0,0,0,1.791759469,0,0,0,0,1
Rhode Island,2009,69,1053209,6.6,6.1,4.7,7.8,1.879679718,,,,,1,10.8,0,0,0,0,1.808288771,0,0,0,0,1
Rhode Island,2010,79,1052567,7.5,7.4,5.8,9.2,2.015630817,,,,,1,11.6,0,0,0,0,2.00148,0,0,0,0,1
Rhode Island,2011,94,1051302,8.9,8.7,7,10.8,2.190680293,7.2,10.9,0.9,0.9,1,11,0,0,0,0,2.163323026,0,0,0,0,1
Rhode Island,2012,103,1050292,9.8,9.6,7.7,11.5,2.283075675,7.9,11.7,1,1,1,10.3984375,0.331506849,0,0,0,2.261763099,1,0,0,0,1
Rhode Island,2013,119,1051511,11.3,11,9,13,2.426310223,9.3,13.4,1,1,1,9.298828125,1,0,0,0,2.397895273,1,0,0,0,1
Rhode Island,2014,149,1055173,14.1,14.2,11.8,16.5,2.647656478,11.9,16.4,1.2,1.2,1,7.69921875,1,0,0,0,2.653241965,1,0,0,0,1
Rhode Island,2015,216,1056298,20.4,19.8,17.1,22.5,3.017922972,17.7,23.2,1.4,1.4,1,6,1,0,0,0,2.985681938,1,0,0,0,1
Rhode Island,2016,245,1056426,23.2,23.5,20.5,26.5,3.143781605,20.3,26.1,1.5,1.5,1,5.19921875,1,0,0,0,3.157000421,1,0,0,0,1
Rhode Island,2017,262,1059639,24.7,25.4,22.2,28.6,3.207831127,21.7,27.7,1.5,1.6,1,4.5,1,0,0,0,3.234749174,1,0,0,0,1
South Carolina,1999,38,3974682,1,1,0.7,1.3,-0.044943678,,,,,0,4.1,0,0,0,0,0,0,0,0,0,0
South Carolina,2000,71,4012012,1.8,1.8,1.4,2.2,0.570801923,,,,,0,3.6,0,0,0,0,0.587786665,0,0,0,0,0
South Carolina,2001,74,4062125,1.8,1.8,1.4,2.3,0.599773765,,,,,0,5.2,0,0,0,0,0.587786665,0,0,0,0,0
South Carolina,2002,68,4107183,1.7,1.7,1.3,2.1,0.50418522,,,,,0,6,0,0,0,0,0.530628251,0,1,0,0,0
South Carolina,2003,83,4147153,2,2,1.6,2.5,0.69383344,,,,,0,6.7,0,0,0,0,0.693147181,0,1,0,0,0
South Carolina,2004,120,4198068,2.9,2.9,2.4,3.4,1.05028223,,,,,0,6.8,0,0,0,0,1.064710737,0,1,0,0,0
South Carolina,2005,141,4255083,3.3,3.3,2.8,3.9,1.198060529,,,,,0,6.8,0,0,0,0,1.193922469,0,1,0,0,0
South Carolina,2006,205,4321249,4.7,4.7,4.1,5.4,1.556880405,,,,,0,6.4,0,0,0,0,1.547562509,0,1,0,0,0
South Carolina,2007,181,4407709,4.1,4.1,3.5,4.7,1.412556885,,,,,0,5.6,0,0,1,0,1.410986974,0,1,0,0,0
South Carolina,2008,198,4479800,4.4,4.4,3.8,5,1.486103535,,,,,0,6.8,1,0,1,0,1.481604541,1,1,0,0,0
South Carolina,2009,218,4561242,4.8,4.8,4.2,5.4,1.564315015,,,,,0,11.3,1,0,1,0,1.568615918,1,1,0,0,0
South Carolina,2010,249,4625364,5.4,5.4,4.7,6.1,1.683312733,,,,,0,11.2,1,0,1,0,1.686398954,1,1,0,0,0
South Carolina,2011,224,4679230,4.8,4.9,4.3,5.6,1.565927392,4.2,5.4,0.3,0.3,0,10.59960938,1,0,1,0,1.589235205,1,1,0,0,0
South Carolina,2012,208,4723723,4.4,4.5,3.9,5.1,1.482355727,3.8,5,0.3,0.3,0,9.19921875,1,0,1,0,1.504077397,1,1,0,0,0
South Carolina,2013,217,4774839,4.5,4.7,4.1,5.3,1.513952005,3.9,5.1,0.3,0.3,0,7.599609375,1,0,1,0,1.547562509,1,1,0,0,0
South Carolina,2014,452,4832482,9.4,9.3,8.4,10.2,2.23573688,8.5,10.2,0.4,0.4,0.580821918,6.5,1,0,1,0,2.2300144,1,1,0.580821918,0,0
South Carolina,2015,468,4896146,9.6,9.5,8.7,10.4,2.257434838,8.7,10.4,0.4,0.5,1,6,1,0,1,0,2.251291799,1,1,1,0,0
South Carolina,2016,538,4961119,10.8,11.2,10.2,12.1,2.383642147,9.9,11.8,0.5,0.5,1,5,1,0,1,0,2.415913778,1,1,1,0,0
South Carolina,2017,651,5024369,13,13.4,12.4,14.5,2.561624675,12,14,0.5,0.5,1,4.299804688,1,0,1,0,2.595254707,1,1,1,0,0
South Dakota,1999,,750412,,,,,,,,,,0,2.8,0,0,0,0,,0,0,0,0,0
South Dakota,2000,,754844,,,,,,,,,,0,2.7,0,0,0,0,,0,0,0,0,0
South Dakota,2001,,758324,,,,,,,,,,0,3.1,0,0,0,0,,0,0,0,0,0
South Dakota,2002,12,761063,,,0.9,2.9,0.455360696,,,,,0,3.3,0,0,0,0,0.641853886,0,0,0,0,0
South Dakota,2003,,764309,,,,,,,,,,0,3.5,0,0,0,0,,0,0,0,0,0
South Dakota,2004,19,770883,,,1.5,4,0.902072554,,,,,0,3.7,0,0,0,0,1.011600912,0,0,0,0,0
South Dakota,2005,22,775933,2.8,3,1.9,4.6,1.042146463,,,,,0,3.7,0,0,0,0,1.098612289,0,0,0,0,0
South Dakota,2006,23,781919,2.9,3.3,2.1,4.9,1.078913247,,,,,0,3.1,0,0,0,0,1.193922469,0,0,0,0,0
South Dakota,2007,18,796214,,,1.3,3.6,0.81567395,,,,,0,2.9,0,0,0,0,0.896088025,0,0,0,0,0
South Dakota,2008,30,804194,3.7,4,2.7,5.7,1.316527034,,,,,0,3.1,0,0,0,0,1.386294361,0,0,0,0,0
South Dakota,2009,32,812383,3.9,4.1,2.8,5.9,1.370934185,,,,,0,5,0,0,0,0,1.410986974,0,0,0,0,0
South Dakota,2010,32,814180,3.9,4.5,3,6.3,1.368724617,,,,,0,4.8,0,0,0,0,1.504077397,0,0,0,0,0
South Dakota,2011,33,824082,4,4.4,3,6.2,1.387407708,2.8,5.6,0.7,0.8,0,4.69921875,0,0,0,0,1.481604541,0,0,0,0,0
South Dakota,2012,21,833354,2.5,2.8,1.7,4.3,0.924234102,1.6,3.9,0.5,0.6,0,4.299804688,1,0,0,0,1.029619417,1,0,0,0,0
South Dakota,2013,33,844877,3.9,4.3,3,6.1,1.362486693,2.7,5.5,0.7,0.8,0,3.799804688,1,0,0,0,1.458615023,1,0,0,0,0
South Dakota,2014,32,853175,3.8,4,2.7,5.6,1.321941404,2.6,5.3,0.7,0.7,0,3.399902344,1,0,0,0,1.386294361,1,0,0,0,0
South Dakota,2015,21,858469,2.4,2.7,1.6,4.1,0.894542054,1.5,3.7,0.5,0.6,0,3.099609375,1,0,0,0,0.993251773,1,0,0,0,0
South Dakota,2016,33,865454,3.8,3.9,2.6,5.5,1.338423523,2.6,5.4,0.7,0.7,0,3,1,0,0,0,1.360976553,1,0,0,0,0
South Dakota,2017,29,869666,3.3,3.3,2.2,4.8,1.204356786,2.2,4.8,0.6,0.6,0,3.299804688,1,0,0,0,1.193922469,1,0,0,0,0
Tennessee,1999,68,5638706,1.2,1.2,0.9,1.5,0.187268006,,,,,0,4.1,0,0,0,0,0.182321557,0,0,0,0,0
Tennessee,2000,82,5689283,1.4,1.4,1.1,1.8,0.365549925,,,,,0,4,0,0,0,0,0.336472237,0,0,0,0,0
Tennessee,2001,112,5749398,1.9,1.9,1.6,2.3,0.666818625,,,,,0,4.7,0,0,0,0,0.641853886,0,0,0,0,0
Tennessee,2002,137,5797289,2.4,2.3,1.9,2.7,0.860005438,,,,,0,5.3,0,0,0,0,0.832909123,0,0,0,0,0
Tennessee,2003,265,5841748,4.5,4.5,4,5.1,1.512114666,,,,,0,5.7,0,0,0,0,1.504077397,0,0,0,0,0
Tennessee,2004,345,5900962,5.8,5.8,5.2,6.4,1.765843936,,,,,0,5.4,0,0,0,0,1.757857918,0,0,0,0,0
Tennessee,2005,400,5962959,6.7,6.6,6,7.3,1.90331262,,,,,0,5.6,0,0,0,0,1.887069649,0,0,0,0,0
Tennessee,2006,437,6038803,7.2,7.1,6.5,7.8,1.979142289,,,,,0,5.2,0,0,0,0,1.960094784,0,0,0,0,0
Tennessee,2007,439,6156719,7.1,7.1,6.4,7.7,1.964370314,,,,,0,4.9,0,0,0,0,1.960094784,0,0,0,0,0
Tennessee,2008,442,6214888,7.1,7.1,6.4,7.8,1.961777085,,,,,0,6.6,0,0,0,0,1.960094784,0,0,0,0,0
Tennessee,2009,466,6296254,7.4,7.4,6.7,8.1,2.001645688,,,,,0,10.4,0,0,0,0,2.00148,0,0,0,0,0
Tennessee,2010,571,6346105,9,9,8.3,9.8,2.196962878,,,,,0,9.7,0.997260274,0,0,0,2.197224577,1,0,0,0,0
Tennessee,2011,547,6403353,8.5,8.7,8,9.5,2.14504195,7.8,9.3,0.4,0.4,0,,1,1,0,1,2.163323026,1,0,0,0,0
Tennessee,2012,614,6456243,9.5,9.7,8.9,10.5,2.252362266,8.8,10.3,0.4,0.4,0,,1,1,0,1,2.272125886,1,0,0,0,0
Tennessee,2013,646,6495978,9.9,10,9.2,10.8,2.297031195,9.2,10.7,0.4,0.4,0,,1,1,0,1,2.302585093,1,0,0,0,0
Tennessee,2014,696,6549352,10.6,10.8,10,11.6,2.363398454,9.8,11.4,0.4,0.4,0.62739726,,1,1,1,1,2.379546134,1,1,0.62739726,0,0
Tennessee,2015,853,6600299,12.9,13.1,12.2,14,2.559059504,12.1,13.8,0.4,0.5,1,,1,1,1,1,2.57261223,1,1,1,0,0
Tennessee,2016,1008,6651194,15.2,15.4,14.4,16.3,2.718341968,14.2,16.1,0.5,0.5,1,,1,1,1,1,2.734367509,1,1,1,0,0
Tennessee,2017,1083,6715984,16.1,16.5,15.5,17.5,2.780414797,15.2,17.1,0.5,0.5,1,,1,1,1,1,2.803360381,1,1,1,0,0
Texas,1999,182,20558220,0.9,0.9,0.7,1,-0.121839267,,,,,0,4.7,0,0,1,0,-0.105360516,0,1,0,0,0
Texas,2000,228,20851820,1.1,1.1,1,1.3,0.089319301,,,,,0,4.4,0,0,1,0,0.09531018,0,1,0,0,0
Texas,2001,357,21370983,1.7,1.7,1.5,1.9,0.513116621,,,,,0,5,0,0,1,0,0.530628251,0,1,0,0,0
Texas,2002,519,21779893,2.4,2.4,2.2,2.6,0.868331585,,,,,0,6.4,0,0,1,0,0.875468737,0,1,0,0,0
Texas,2003,557,22118509,2.5,2.6,2.4,2.8,0.923565378,,,,,0,6.7,0,0,1,0,0.955511445,0,1,0,0,0
Texas,2004,576,22490022,2.6,2.6,2.4,2.8,0.940450824,,,,,0,6,0,0,1,0,0.955511445,0,1,0,0,0
Texas,2005,630,22859968,2.8,2.8,2.6,3,1.013747468,,,,,0,5.4,0,0,1,0,1.029619417,0,1,0,0,0
Texas,2006,829,23507783,3.5,3.5,3.3,3.8,1.260303504,,,,,0,4.9,0,0,1,0,1.252762969,0,1,0,0,0
Texas,2007,746,23904380,3.1,3.1,2.9,3.4,1.138078802,,,,,0,4.4,0,0,1,0,1.131402112,0,1,0,0,0
Texas,2008,637,24326974,2.6,2.6,2.4,2.9,0.962598787,,,,,0,4.9,0,0,1,0,0.955511445,0,1,0,0,0
Texas,2009,795,24782302,3.2,3.2,3,3.5,1.165627252,,,,,0,7.6,0,0,1,1,1.16315081,0,1,0,0,0
Texas,2010,801,25145561,3.2,3.2,3,3.4,1.158594474,,,,,0,8.2,0,1,1,1,1.16315081,0,1,0,0,0
Texas,2011,741,25674681,2.9,2.9,2.7,3.1,1.059910201,2.7,3.1,0.1,0.1,0,7.799804688,0,1,1,1,1.064710737,0,1,0,0,0
Texas,2012,685,26059203,2.6,2.6,2.4,2.8,0.966462757,2.4,2.8,0.1,0.1,0,6.69921875,0.416438356,1,1,1,0.955511445,1,1,0,0,0
Texas,2013,624,26448193,2.4,2.4,2.2,2.5,0.858377437,2.2,2.5,0.1,0.1,0,6.299804688,1,1,1,1,0.875468737,1,1,0,0,0
Texas,2014,671,26956958,2.5,2.5,2.3,2.7,0.911942598,2.3,2.7,0.1,0.1,0,5.099609375,1,1,1,1,0.916290732,1,1,0,0,0
Texas,2015,721,27469114,2.6,2.6,2.4,2.8,0.964991798,2.4,2.8,0.1,0.1,0.583561644,4.399414063,1,1,1,1,0.955511445,1,1,0.583561644,0,0
Texas,2016,796,27862596,2.9,2.8,2.6,3,1.049728949,2.7,3.1,0.1,0.1,1,4.599609375,1,1,1,1,1.029619417,1,1,1,0,0
Texas,2017,910,28304596,3.2,3.2,3,3.4,1.167835312,3,3.4,0.1,0.1,1,4.299804688,1,1,1,1,1.16315081,1,1,1,0,0
Utah,1999,113,2203482,5.1,5.9,4.8,7,1.634763889,,,,,0,3.6,1,0,0,0,1.774952351,0,0,0,0,0
Utah,2000,136,2233169,6.1,6.6,5.5,7.8,1.80664814,,,,,0,3.4,1,0,0,0,1.887069649,0,0,0,0,0
Utah,2001,133,2278712,5.8,6.7,5.5,7.8,1.764153664,,,,,0,4.4,1,0,0,0,1.902107526,0,0,0,0,0
Utah,2002,179,2316256,7.7,8.5,7.2,9.7,2.044848624,,,,,0,5.8,1,0,0,0,2.140066164,0,0,0,0,0
Utah,2003,231,2351467,9.8,10.7,9.3,12.2,2.284793229,,,,,0,5.7,1,0,0,0,2.370243742,0,0,0,0,0
Utah,2004,242,2389039,10.1,10.9,9.5,12.4,2.31546144,,,,,0,5.1,1,0,0,0,2.388762789,0,0,0,0,0
Utah,2005,289,2469585,11.7,12.6,11.1,14,2.459791475,,,,,0,4.1,1,0,0,0,2.533696814,0,0,0,0,0
Utah,2006,305,2550063,12,12.7,11.2,14.1,2.481608619,,,,,0,2.9,1,0,0,0,2.541601994,1,0,0,0,0
Utah,2007,324,2645330,12.2,13,11.5,14.4,2.505362602,,,,,0,2.7,1,0,0,0,2.564949358,1,0,0,0,0
Utah,2008,304,2736424,11.1,11.8,10.4,13.1,2.40779065,,,,,0,3.7,1,0,0,0,2.468099532,1,0,0,0,0
Utah,2009,333,2784572,12,13.1,11.7,14.6,2.481463216,,,,,0,7.1,1,0,0,0,2.57261223,1,0,0,0,0
Utah,2010,299,2763885,10.8,11.5,10.1,12.8,2.381221182,,,,,0,7.7,1,0,0,0,2.442347035,1,0,0,0,0
Utah,2011,357,2817222,12.7,13.7,12.2,15.1,2.539399396,11.4,14,0.7,0.7,0,6.69921875,1,0,0,0,2.617395833,1,0,0,0,0
Utah,2012,404,2855287,14.1,15.4,13.9,17,2.649657422,12.8,15.5,0.7,0.8,0,5.399414063,1,0,0,0,2.734367509,1,0,0,0,0
Utah,2013,412,2900872,14.2,15.2,13.7,16.7,2.653426875,12.8,15.6,0.7,0.8,0,4.599609375,1,0,0,0,2.721295428,1,0,0,0,0
Utah,2014,431,2942902,14.6,15.9,14.4,17.5,2.684126828,13.3,16,0.7,0.8,0.501369863,3.799804688,1,0,0,0,2.766319109,1,0,0.501369863,0,0
Utah,2015,423,2995919,14.1,15.1,13.7,16.6,2.647536057,12.8,15.5,0.7,0.7,1,3.599609375,1,0,0,0,2.714694744,1,0,1,0,0
Utah,2016,395,3051217,12.9,14.1,12.7,15.5,2.560760145,11.7,14.2,0.7,0.7,1,3.399902344,1,0,0,0,2.646174797,1,0,1,0,0
Utah,2017,372,3101833,12,12.8,11.4,14.1,2.484315534,10.8,13.2,0.6,0.7,1,3.199707031,1,0,0,0,2.549445171,1,0,1,0,0
Vermont,1999,11,604683,,,0.9,3.2,0.598361105,,,,,0,2.9,0,0,0,0,0.717839793,0,0,0,0,0
Vermont,2000,16,608827,,,1.5,4.2,0.966224753,,,,,0,2.7,0,0,0,0,1.047318994,0,0,0,0,0
Vermont,2001,25,612978,4.1,4,2.6,5.8,1.405716965,,,,,0,3.3,0,0,0,0,1.386294361,0,0,0,0,0
Vermont,2002,29,616592,4.7,4.6,3.1,6.6,1.548258475,,,,,0,4,0,0,0,0,1.526056304,0,0,0,0,0
Vermont,2003,44,619116,7.1,6.9,5,9.3,1.961067166,,,,,0,4.5,0,0,0,0,1.931521412,0,0,0,0,0
Vermont,2004,35,621394,5.6,5.7,3.9,8,1.728552906,,,,,0.501369863,3.7,0,0,0,0,1.740466175,0,0,0,0,0.501369863
Vermont,2005,33,623050,5.3,5.4,3.7,7.6,1.667050975,,,,,1,3.5,0,0,0,0,1.686398954,0,0,0,0,1
Vermont,2006,56,623908,9,9.1,6.8,11.8,2.194518955,,,,,1,3.7,0,0,0,0,2.208274414,0,0,0,0,1
Vermont,2007,49,621254,7.9,8.1,6,10.7,2.065250468,,,,,1,3.9,0,0,0,0,2.091864062,0,0,0,0,1
Vermont,2008,52,621270,8.4,7.8,5.8,10.3,2.124648135,,,,,1,4.5,0,0,0,0,2.054123734,0,0,0,0,1
Vermont,2009,35,621760,5.6,5.4,3.7,7.5,1.727964081,,,,,1,6.9,1,0,0,0,1.686398954,1,0,0,0,1
Vermont,2010,41,625741,6.6,6.5,4.6,8.9,1.879805705,,,,,1,6.2,1,0,0,0,1.871802177,1,0,0,0,1
Vermont,2011,47,626431,7.5,7.6,5.5,10.1,2.015279155,5.5,10,1.1,1.1,1,5.5,1,0,0,0,2.028148247,1,0,0,0,1
Vermont,2012,45,626011,7.2,6.9,5,9.4,1.972464733,5.2,9.6,1.1,1.1,1,5,1,0,0,0,1.931521412,1,0,0,0,1
Vermont,2013,56,626630,8.9,9.1,6.8,11.9,2.190165622,6.8,11.6,1.2,1.3,1,4.399414063,1,0,1,0,2.208274414,1,1,0,0,1
Vermont,2014,42,626562,6.7,7,5,9.6,1.902592072,4.8,9.1,1,1.1,1,4,1,0,1,0,1.945910149,1,1,0,0,1
Vermont,2015,57,626042,9.1,9.6,7.2,12.6,2.208803992,6.9,11.8,1.2,1.3,1,3.599609375,1,0,1,0,2.261763099,1,1,0,0,1
Vermont,2016,80,624594,12.8,14.4,11.3,18,2.550094982,10.2,15.9,1.4,1.7,1,3.199707031,1,0,1,0,2.667228207,1,1,0,0,1
Vermont,2017,105,623657,16.8,18.3,14.7,22,2.823529998,13.6,20.1,1.6,1.9,1,3,1,0,1,0,2.90690106,1,1,0,0,1
Virginia,1999,136,7000174,1.9,1.9,1.6,2.2,0.664134787,,,,,0,2.7,0,0,1,0,0.641853886,0,1,0,0,0
Virginia,2000,159,7078515,2.2,2.2,1.8,2.5,0.809254969,,,,,0,2.3,0,0,1,0,0.78845736,0,1,0,0,0
Virginia,2001,222,7196750,3.1,3,2.6,3.4,1.126462754,,,,,0,3.2,0,0,1,0,1.098612289,0,1,0,0,0
Virginia,2002,252,7293542,3.5,3.3,2.9,3.7,1.239854695,,,,,0,4.2,0,0,1,0,1.193922469,0,1,0,0,0
Virginia,2003,262,7386330,3.5,3.5,3,3.9,1.266128416,,,,,0,4.1,0,0,1,0,1.252762969,0,1,0,0,0
Virginia,2004,307,7459827,4.1,4,3.6,4.5,1.414730431,,,,,0,3.7,0,0,1,0,1.386294361,0,1,0,0,0
Virginia,2005,278,7567465,3.7,3.6,3.2,4,1.301177884,,,,,0,3.5,0,0,1,0,1.280933846,0,1,0,0,0
Virginia,2006,308,7642884,4,4,3.5,4.4,1.393739671,,,,,0,3,1,0,1,0,1.386294361,1,1,0,0,0
Virginia,2007,376,7712091,4.9,4.8,4.3,5.3,1.584214693,,,,,0,3,1,0,1,0,1.568615918,1,1,0,0,0
Virginia,2008,398,7769089,5.1,5.1,4.6,5.6,1.633714001,,,,,0,4,1,0,1,0,1.62924054,1,1,0,0,0
Virginia,2009,363,7882590,4.6,4.6,4.1,5.1,1.527161211,,,,,0,6.8,1,0,1,0,1.526056304,1,1,0,0,0
Virginia,2010,340,8001024,4.2,4.2,3.7,4.6,1.446790991,,,,,0,6.9,1,0,1,0,1.435084525,1,1,0,0,0
Virginia,2011,476,8096604,5.9,5.8,5.3,6.4,1.771388047,5.4,6.4,0.3,0.3,0,6.599609375,1,0,1,0,1.757857918,1,1,0,0,0
Virginia,2012,409,8185867,5,5,4.5,5.5,1.608720932,4.5,5.5,0.2,0.2,0,6.099609375,1,0,1,0,1.609437912,1,1,0,0,0
Virginia,2013,453,8260405,5.5,5.4,4.9,5.9,1.701833415,5,6,0.3,0.3,0,5.69921875,1,0,1,0,1.686398954,1,1,0,0,0
Virginia,2014,527,8326289,6.3,6.3,5.7,6.8,1.845197597,5.8,6.9,0.3,0.3,0,5.19921875,1,0,1,0,1.840549633,1,1,0,0,0
Virginia,2015,548,8382993,6.5,6.6,6,7.1,1.877485183,6,7.1,0.3,0.3,0.501369863,4.5,1,0,1,0,1.887069649,1,1,0.501369863,0,0
Virginia,2016,921,8411808,10.9,11,10.3,11.8,2.39323851,10.2,11.7,0.4,0.4,1,4.099609375,1,0,1,0,2.397895273,1,1,1,0,0
Virginia,2017,1064,8470020,12.6,12.7,11.9,13.5,2.530672707,11.8,13.3,0.4,0.4,1,3.799804688,1,0,1,0,2.541601994,1,1,1,0,0
Washington,1999,160,5842564,2.7,2.7,2.3,3.1,1.007418981,,,,,1,4.8,0,0,0,0,0.993251773,0,0,0,0,1
Washington,2000,171,5894121,2.9,2.8,2.4,3.3,1.06512305,,,,,1,5,0,0,0,0,1.029619417,0,0,0,0,1
Washington,2001,209,5993390,3.5,3.4,2.9,3.8,1.249091964,,,,,1,6.2,0,0,0,0,1.223775432,0,0,0,0,1
Washington,2002,289,6068996,4.8,4.6,4.1,5.2,1.560648407,,,,,1,7.3,0,0,0,0,1.526056304,0,0,0,0,1
Washington,2003,316,6131445,5.2,5,4.4,5.5,1.639726673,,,,,1,7.4,0,0,0,0,1.609437912,0,0,0,0,1
Washington,2004,444,6203788,7.2,6.9,6.3,7.6,1.968079396,,,,,1,6.2,0,0,0,0,1.931521412,0,0,0,0,1
Washington,2005,489,6287759,7.8,7.4,6.8,8.1,2.051172669,,,,,1,5.5,0,0,0,0,2.00148,0,0,0,0,1
Washington,2006,547,6395798,8.6,8.2,7.5,8.9,2.146222497,,,,,1,4.9,0,0,0,0,2.104134154,0,0,0,0,1
Washington,2007,511,6468424,7.9,7.5,6.9,8.2,2.066852004,,,,,1,4.6,0,0,0,0,2.014903021,0,0,0,0,1
Washington,2008,566,6549224,8.6,8.2,7.5,8.9,2.156662416,,,,,1,5.5,0,0,0,0,2.104134154,0,0,0,0,1
Washington,2009,576,6664195,8.6,8.3,7.6,9,2.156773402,,,,,1,9.3,0,0,0,0,2.116255515,0,0,0,0,1
Washington,2010,518,6724540,7.7,7.3,6.7,8,2.041626628,,,,,1,9.6,0,0,0,0,1.987874348,0,0,0,0,1
Washington,2011,545,6830038,8,7.6,7,8.3,2.076870464,7.3,8.6,0.3,0.3,1,9.298828125,0,0,0,0,2.028148247,0,0,0,0,1
Washington,2012,509,6897012,7.4,7.1,6.4,7.7,1.998774649,6.7,8,0.3,0.3,1,8.099609375,1,0,0,0,1.960094784,1,0,0,0.068493151,0.931506849
Washington,2013,437,6971406,6.3,6,5.4,6.6,1.835531176,5.7,6.9,0.3,0.3,1,7,1,0,0,0,1.791759469,1,0,0,1,0
Washington,2014,413,7061530,5.8,5.5,5,6,1.766200758,5.3,6.4,0.3,0.3,1,6.099609375,1,0,0,0,1.704748092,1,0,0,1,0
Washington,2015,400,7170351,5.6,5.3,4.7,5.8,1.718924847,5,6.1,0.3,0.3,1,5.69921875,1,0,0,0,1.667706821,1,0,0,1,0
Washington,2016,452,7288000,6.2,5.8,5.3,6.4,1.824867927,5.6,6.8,0.3,0.3,1,5.299804688,1,0,0,0,1.757857918,1,0,0,1,0
Washington,2017,457,7405743,6.2,5.9,5.3,6.4,1.819842518,5.6,6.7,0.3,0.3,1,4.799804688,1,0,0,0,1.774952351,1,0,0,1,0
West Virginia,1999,27,1811799,1.5,1.5,1,2.2,0.398931499,,,,,0,6.3,0,0,0,0,0.405465108,0,0,0,0,0
West Virginia,2000,37,1808344,2,2.1,1.5,2.9,0.71592131,,,,,0,5.5,0,0,0,0,0.741937345,0,0,0,0,0
West Virginia,2001,131,1800975,7.3,7.4,6.2,8.7,1.984284045,,,,,0,5.2,0,0,0,0,2.00148,0,0,0,0,0
West Virginia,2002,169,1801873,9.4,9.5,8.1,11,2.238486943,,,,,0,5.9,0,0,0,0,2.251291799,0,0,0,0,0
West Virginia,2003,190,1810357,10.5,11,9.5,12.6,2.350914916,,,,,0,6,0,0,0,0,2.397895273,0,0,0,0,0
West Virginia,2004,240,1815354,13.2,13.5,11.8,15.2,2.58177334,,,,,0,5.3,0,0,0,0,2.602689685,0,0,0,0,0
West Virginia,2005,137,1816856,7.5,7.9,6.6,9.3,2.020288298,,,,,0,4.9,0,0,1,0,2.06686276,0,1,0,0,0
West Virginia,2006,275,1818470,15.1,15.5,13.6,17.3,2.716190517,,,,,0,4.5,0,0,1,0,2.740840024,0,1,0,0,0
West Virginia,2007,317,1812035,17.5,18.1,16.1,20.1,2.861866158,,,,,0,4.2,0,0,1,0,2.895911938,0,1,0,0,0
West Virginia,2008,340,1814468,18.7,19.3,17.2,21.3,2.930568213,,,,,0,4.2,0,0,1,0,2.960105096,0,1,0,0,0
West Virginia,2009,158,1819777,8.7,9,7.5,10.4,2.161295974,,,,,0,7.7,0,0,1,0,2.197224577,0,1,0,0,0
West Virginia,2010,430,1852994,23.2,24.4,22,26.7,3.144397406,,,,,0,9.1,0,0,1,0,3.194583132,0,1,0,0,0
West Virginia,2011,524,1855364,28.2,30,27.4,32.6,3.340825688,25.8,30.7,1.2,1.3,0,8.099609375,0,0,1,0,3.401197382,0,1,0,0,0
West Virginia,2012,431,1855413,23.2,24.8,22.4,27.2,3.145415684,21,25.4,1.1,1.2,0,7.5,0,1,1,1,3.210843653,0,1,0,0,0
West Virginia,2013,413,1854304,22.3,23.3,21,25.7,3.103353077,20.1,24.4,1.1,1.2,0,6.799804688,0.668493151,1,1,1,3.148453361,1,1,0,0,0
West Virginia,2014,437,1850326,23.6,24.7,22.3,27,3.161986262,21.4,25.8,1.1,1.2,0,6.599609375,1,1,1,1,3.206803244,1,1,0,0,0
West Virginia,2015,511,1844128,27.7,28.9,26.3,31.4,3.32177796,25.3,30.1,1.2,1.3,0,6.69921875,1,1,1,1,3.363841595,1,1,0,0,0
West Virginia,2016,640,1831102,35,37.7,34.7,40.7,3.553965112,32.2,37.7,1.4,1.5,0,6.099609375,1,1,1,1,3.629660095,1,1,0,0,0
West Virginia,2017,794,1815857,43.7,47.1,43.8,50.5,3.777940836,40.7,46.8,1.6,1.7,0.490410959,5.19921875,1,1,1,1,3.852273001,1,1,0,0,0.490410959
Wisconsin,1999,60,5332666,1.1,1.1,0.9,1.4,0.117908169,,,,,0,3.1,0,0,0,0,0.09531018,0,0,0,0,0
Wisconsin,2000,80,5363675,1.5,1.5,1.2,1.8,0.399792167,,,,,0,3.4,0,0,0,0,0.405465108,0,0,0,0,0
Wisconsin,2001,109,5405947,2,2,1.6,2.4,0.701263145,,,,,0,4.4,0,0,0,0,0.693147181,0,0,0,0,0
Wisconsin,2002,144,5441196,2.6,2.6,2.2,3.1,0.973229317,,,,,0,5.3,0,0,0,0,0.955511445,0,0,0,0,0
Wisconsin,2003,169,5472299,3.1,3.1,2.6,3.6,1.127614801,,,,,0,5.6,0,0,0,0,1.131402112,0,0,0,0,0
Wisconsin,2004,189,5509026,3.4,3.4,2.9,3.9,1.232774084,,,,,0,5,0,0,0,0,1.223775432,0,0,0,0,0
Wisconsin,2005,239,5536201,4.3,4.3,3.7,4.8,1.462569934,,,,,0,4.8,0,0,0,0,1.458615023,0,0,0,0,0
Wisconsin,2006,296,5556506,5.3,5.3,4.7,5.9,1.672804868,,,,,0,4.7,0,0,0,0,1.667706821,0,0,0,0,0
Wisconsin,2007,329,5601640,5.9,5.9,5.2,6.5,1.770413246,,,,,0,4.8,0,0,0,0,1.774952351,0,0,0,0,0
Wisconsin,2008,303,5627967,5.4,5.3,4.7,5.9,1.683399437,,,,,0,4.9,0,0,0,0,1.667706821,0,0,0,0,0
Wisconsin,2009,316,5654774,5.6,5.4,4.8,6,1.720656977,,,,,0,8.7,0,0,0,0,1.686398954,0,0,0,0,0
Wisconsin,2010,323,5686986,5.7,5.6,5,6.3,1.736886824,,,,,0,8.3,0,0,0,0,1.722766598,0,0,0,0,0
Wisconsin,2011,328,5711767,5.7,5.6,5,6.2,1.747900083,5.1,6.4,0.3,0.3,0,7.799804688,0,0,0,0,1.722766598,0,0,0,0,0
Wisconsin,2012,305,5726398,5.3,5.3,4.7,5.9,1.672639972,4.7,5.9,0.3,0.3,0,7,0,0,0,0,1.667706821,0,0,0,0,0
Wisconsin,2013,385,5742713,6.7,6.7,6,7.4,1.902726495,6,7.4,0.3,0.3,0,6.69921875,1,0,0,0,1.902107526,1,0,0,0,0
Wisconsin,2014,394,5757564,6.8,6.9,6.2,7.6,1.923251348,6.2,7.5,0.3,0.4,0.715068493,5.399414063,1,0,0,0,1.931521412,1,1,0.715068493,0,0
Wisconsin,2015,385,5771337,6.7,6.8,6.1,7.5,1.897754472,6,7.3,0.3,0.4,1,4.5,1,0,0,0,1.916922612,1,1,1,0,0
Wisconsin,2016,594,5778708,10.3,10.7,9.8,11.5,2.330114098,9.5,11.1,0.4,0.4,1,4,1,1,0,1,2.370243742,1,1,1,0,0
Wisconsin,2017,705,5795483,12.2,12.7,11.8,13.7,2.498533889,11.3,13.1,0.5,0.5,1,3.299804688,1,1,0,1,2.541601994,1,1,1,0,0
Wyoming,1999,,491780,,,,,,,,,,0,4.9,0,0,0,0,,0,0,0,0,0
Wyoming,2000,,493782,,,,,,,,,,0,3.8,0,0,0,0,,0,0,0,0,0
Wyoming,2001,,493754,,,,,,,,,,0,3.9,0,0,0,0,,0,0,0,0,0
Wyoming,2002,14,498703,,,1.6,4.8,1.032216787,,,,,0,4.2,0,0,0,0,1.16315081,0,0,0,0,0
Wyoming,2003,,501242,,,,,,,,,,0,4.5,0,0,0,0,,0,0,0,0,0
Wyoming,2004,,506529,,,,,,,,,,0,3.9,1,0,0,0,,0,0,0,0,0
Wyoming,2005,,509294,,,,,,,,,,0,3.7,1,0,0,0,,0,0,0,0,0
Wyoming,2006,12,515004,,,1.2,4.1,0.845902168,,,,,0,3.2,1,0,0,0,0.97455964,0,0,0,0,0
Wyoming,2007,20,522830,3.8,3.8,2.3,5.9,1.341646096,,,,,0,2.8,1,0,0,0,1.335001067,0,0,0,0,0
Wyoming,2008,31,532668,5.8,6,4.1,8.6,1.76125905,,,,,0,3.1,1,0,0,0,1.791759469,0,0,0,0,0
Wyoming,2009,26,544270,4.8,4.8,3.1,7.2,1.563821277,,,,,0,6.5,1,0,0,0,1.568615918,0,1,0,0,0
Wyoming,2010,41,563626,7.3,7.4,5.3,10.1,1.984351342,,,,,0,7,1,0,0,0,2.00148,0,1,0,0,0
Wyoming,2011,37,568158,6.5,6.4,4.4,8.9,1.87368855,4.6,9,1.1,1.1,0,5.799804688,1,0,0,0,1.85629799,0,1,0,0,0
Wyoming,2012,34,576412,5.9,5.8,4,8.2,1.774708028,4.1,8.2,1,1,0,5.299804688,1,0,0,0,1.757857918,0,1,0,0,0
Wyoming,2013,37,582658,6.4,6.6,4.6,9.1,1.848487705,4.5,8.8,1,1.1,0,4.69921875,1,0,0,0,1.887069649,1,1,0,0,0
Wyoming,2014,39,584153,6.7,6.6,4.7,9.1,1.898568897,4.7,9.1,1.1,1.1,0,4.099609375,1,0,0,0,1.887069649,1,1,0,0,0
Wyoming,2015,36,586107,6.1,6.3,4.4,8.8,1.815186758,4.3,8.5,1,1.1,0.501369863,4.299804688,1,0,0,0,1.840549633,1,1,0.501369863,0,0
Wyoming,2016,30,585501,5.1,5,3.3,7.2,1.633899677,3.5,7.3,0.9,0.9,1,5.299804688,1,0,0,0,1.609437912,1,1,1,0,0
Wyoming,2017,42,579315,7.2,7.9,5.6,10.7,1.980993433,5.2,9.8,1.1,1.2,1,4.19921875,1,0,0,0,2.06686276,1,1,1,0,0
